TimeQuest Timing Analyzer report for vending_machine
Mon Jun 08 18:45:44 2026
Quartus II 64-Bit Version 13.1.0 Build 162 10/23/2013 SJ Web Edition


---------------------
; Table of Contents ;
---------------------
  1. Legal Notice
  2. TimeQuest Timing Analyzer Summary
  3. Parallel Compilation
  4. Clocks
  5. Slow 1200mV 85C Model Fmax Summary
  6. Timing Closure Recommendations
  7. Slow 1200mV 85C Model Setup Summary
  8. Slow 1200mV 85C Model Hold Summary
  9. Slow 1200mV 85C Model Recovery Summary
 10. Slow 1200mV 85C Model Removal Summary
 11. Slow 1200mV 85C Model Minimum Pulse Width Summary
 12. Slow 1200mV 85C Model Setup: 'clock'
 13. Slow 1200mV 85C Model Hold: 'clock'
 14. Slow 1200mV 85C Model Minimum Pulse Width: 'clock'
 15. Setup Times
 16. Hold Times
 17. Clock to Output Times
 18. Minimum Clock to Output Times
 19. Propagation Delay
 20. Minimum Propagation Delay
 21. Slow 1200mV 85C Model Metastability Report
 22. Slow 1200mV 0C Model Fmax Summary
 23. Slow 1200mV 0C Model Setup Summary
 24. Slow 1200mV 0C Model Hold Summary
 25. Slow 1200mV 0C Model Recovery Summary
 26. Slow 1200mV 0C Model Removal Summary
 27. Slow 1200mV 0C Model Minimum Pulse Width Summary
 28. Slow 1200mV 0C Model Setup: 'clock'
 29. Slow 1200mV 0C Model Hold: 'clock'
 30. Slow 1200mV 0C Model Minimum Pulse Width: 'clock'
 31. Setup Times
 32. Hold Times
 33. Clock to Output Times
 34. Minimum Clock to Output Times
 35. Propagation Delay
 36. Minimum Propagation Delay
 37. Slow 1200mV 0C Model Metastability Report
 38. Fast 1200mV 0C Model Setup Summary
 39. Fast 1200mV 0C Model Hold Summary
 40. Fast 1200mV 0C Model Recovery Summary
 41. Fast 1200mV 0C Model Removal Summary
 42. Fast 1200mV 0C Model Minimum Pulse Width Summary
 43. Fast 1200mV 0C Model Setup: 'clock'
 44. Fast 1200mV 0C Model Hold: 'clock'
 45. Fast 1200mV 0C Model Minimum Pulse Width: 'clock'
 46. Setup Times
 47. Hold Times
 48. Clock to Output Times
 49. Minimum Clock to Output Times
 50. Propagation Delay
 51. Minimum Propagation Delay
 52. Fast 1200mV 0C Model Metastability Report
 53. Multicorner Timing Analysis Summary
 54. Setup Times
 55. Hold Times
 56. Clock to Output Times
 57. Minimum Clock to Output Times
 58. Propagation Delay
 59. Minimum Propagation Delay
 60. Board Trace Model Assignments
 61. Input Transition Times
 62. Slow Corner Signal Integrity Metrics
 63. Fast Corner Signal Integrity Metrics
 64. Setup Transfers
 65. Hold Transfers
 66. Report TCCS
 67. Report RSKM
 68. Unconstrained Paths
 69. TimeQuest Timing Analyzer Messages



----------------
; Legal Notice ;
----------------
Copyright (C) 1991-2013 Altera Corporation
Your use of Altera Corporation's design tools, logic functions 
and other software and tools, and its AMPP partner logic 
functions, and any output files from any of the foregoing 
(including device programming or simulation files), and any 
associated documentation or information are expressly subject 
to the terms and conditions of the Altera Program License 
Subscription Agreement, Altera MegaCore Function License 
Agreement, or other applicable license agreement, including, 
without limitation, that your use is for the sole purpose of 
programming logic devices manufactured by Altera and sold by 
Altera or its authorized distributors.  Please refer to the 
applicable agreement for further details.



+-------------------------------------------------------------------------+
; TimeQuest Timing Analyzer Summary                                       ;
+--------------------+----------------------------------------------------+
; Quartus II Version ; Version 13.1.0 Build 162 10/23/2013 SJ Web Edition ;
; Revision Name      ; vending_machine                                    ;
; Device Family      ; Cyclone III                                        ;
; Device Name        ; EP3C16F484C6                                       ;
; Timing Models      ; Final                                              ;
; Delay Model        ; Combined                                           ;
; Rise/Fall Delays   ; Enabled                                            ;
+--------------------+----------------------------------------------------+


+------------------------------------------+
; Parallel Compilation                     ;
+----------------------------+-------------+
; Processors                 ; Number      ;
+----------------------------+-------------+
; Number detected on machine ; 16          ;
; Maximum allowed            ; 10          ;
;                            ;             ;
; Average used               ; 1.00        ;
; Maximum used               ; 10          ;
;                            ;             ;
; Usage by Processor         ; % Time Used ;
;     Processor 1            ; 100.0%      ;
;     Processors 2-10        ; < 0.1%      ;
;     Processors 11-16       ;   0.0%      ;
+----------------------------+-------------+


+-----------------------------------------------------------------------------------------------------------------------------------------------------------------------------------+
; Clocks                                                                                                                                                                            ;
+------------+------+--------+------------+-------+-------+------------+-----------+-------------+-------+--------+-----------+------------+----------+--------+--------+-----------+
; Clock Name ; Type ; Period ; Frequency  ; Rise  ; Fall  ; Duty Cycle ; Divide by ; Multiply by ; Phase ; Offset ; Edge List ; Edge Shift ; Inverted ; Master ; Source ; Targets   ;
+------------+------+--------+------------+-------+-------+------------+-----------+-------------+-------+--------+-----------+------------+----------+--------+--------+-----------+
; clock      ; Base ; 1.000  ; 1000.0 MHz ; 0.000 ; 0.500 ;            ;           ;             ;       ;        ;           ;            ;          ;        ;        ; { clock } ;
+------------+------+--------+------------+-------+-------+------------+-----------+-------------+-------+--------+-----------+------------+----------+--------+--------+-----------+


+-----------------------------------------------------------------------------------------------------------+
; Slow 1200mV 85C Model Fmax Summary                                                                        ;
+------------+-----------------+------------+---------------------------------------------------------------+
; Fmax       ; Restricted Fmax ; Clock Name ; Note                                                          ;
+------------+-----------------+------------+---------------------------------------------------------------+
; 307.22 MHz ; 250.0 MHz       ; clock      ; limit due to minimum period restriction (max I/O toggle rate) ;
+------------+-----------------+------------+---------------------------------------------------------------+
This panel reports FMAX for every clock in the design, regardless of the user-specified clock periods.  FMAX is only computed for paths where the source and destination registers or ports are driven by the same clock.  Paths of different clocks, including generated clocks, are ignored.  For paths between a clock and its inversion, FMAX is computed as if the rising and falling edges are scaled along with FMAX, such that the duty cycle (in terms of a percentage) is maintained. Altera recommends that you always use clock constraints and other slack reports for sign-off analysis.


----------------------------------
; Timing Closure Recommendations ;
----------------------------------
HTML report is unavailable in plain text report export.


+-------------------------------------+
; Slow 1200mV 85C Model Setup Summary ;
+-------+--------+--------------------+
; Clock ; Slack  ; End Point TNS      ;
+-------+--------+--------------------+
; clock ; -2.255 ; -28.452            ;
+-------+--------+--------------------+


+------------------------------------+
; Slow 1200mV 85C Model Hold Summary ;
+-------+-------+--------------------+
; Clock ; Slack ; End Point TNS      ;
+-------+-------+--------------------+
; clock ; 0.408 ; 0.000              ;
+-------+-------+--------------------+


------------------------------------------
; Slow 1200mV 85C Model Recovery Summary ;
------------------------------------------
No paths to report.


-----------------------------------------
; Slow 1200mV 85C Model Removal Summary ;
-----------------------------------------
No paths to report.


+---------------------------------------------------+
; Slow 1200mV 85C Model Minimum Pulse Width Summary ;
+-------+--------+----------------------------------+
; Clock ; Slack  ; End Point TNS                    ;
+-------+--------+----------------------------------+
; clock ; -3.000 ; -19.000                          ;
+-------+--------+----------------------------------+


+----------------------------------------------------------------------------------------------------------------------------------------------+
; Slow 1200mV 85C Model Setup: 'clock'                                                                                                         ;
+--------+----------------------------------+----------------------------+--------------+-------------+--------------+------------+------------+
; Slack  ; From Node                        ; To Node                    ; Launch Clock ; Latch Clock ; Relationship ; Clock Skew ; Data Delay ;
+--------+----------------------------------+----------------------------+--------------+-------------+--------------+------------+------------+
; -2.255 ; total_inserido[1]                ; total_inserido[4]          ; clock        ; clock       ; 1.000        ; -0.063     ; 3.187      ;
; -2.196 ; total_inserido[0]                ; total_inserido[1]          ; clock        ; clock       ; 1.000        ; -0.062     ; 3.129      ;
; -2.179 ; total_inserido[0]                ; total_inserido[4]          ; clock        ; clock       ; 1.000        ; -0.063     ; 3.111      ;
; -2.149 ; total_inserido[1]                ; total_inserido[6]          ; clock        ; clock       ; 1.000        ; -0.062     ; 3.082      ;
; -2.125 ; total_inserido[1]                ; total_inserido[2]          ; clock        ; clock       ; 1.000        ; -0.063     ; 3.057      ;
; -2.079 ; total_inserido[3]                ; total_inserido[6]          ; clock        ; clock       ; 1.000        ; -0.060     ; 3.014      ;
; -2.068 ; total_inserido[2]                ; total_inserido[6]          ; clock        ; clock       ; 1.000        ; -0.060     ; 3.003      ;
; -2.047 ; total_inserido[0]                ; total_inserido[2]          ; clock        ; clock       ; 1.000        ; -0.063     ; 2.979      ;
; -2.045 ; total_inserido[0]                ; total_inserido[6]          ; clock        ; clock       ; 1.000        ; -0.062     ; 2.978      ;
; -2.031 ; total_inserido[2]                ; total_inserido[5]          ; clock        ; clock       ; 1.000        ; -0.060     ; 2.966      ;
; -2.006 ; total_inserido[1]                ; total_inserido[5]          ; clock        ; clock       ; 1.000        ; -0.062     ; 2.939      ;
; -1.996 ; total_inserido[0]                ; total_inserido[3]          ; clock        ; clock       ; 1.000        ; -0.063     ; 2.928      ;
; -1.979 ; total_inserido[2]                ; total_inserido[3]          ; clock        ; clock       ; 1.000        ; -0.061     ; 2.913      ;
; -1.971 ; total_inserido[5]                ; total_inserido[6]          ; clock        ; clock       ; 1.000        ; -0.062     ; 2.904      ;
; -1.969 ; total_inserido[2]                ; total_inserido[4]          ; clock        ; clock       ; 1.000        ; -0.061     ; 2.903      ;
; -1.968 ; total_inserido[1]                ; total_inserido[3]          ; clock        ; clock       ; 1.000        ; -0.063     ; 2.900      ;
; -1.968 ; total_inserido[0]                ; total_inserido[5]          ; clock        ; clock       ; 1.000        ; -0.062     ; 2.901      ;
; -1.962 ; total_inserido[3]                ; total_inserido[5]          ; clock        ; clock       ; 1.000        ; -0.060     ; 2.897      ;
; -1.948 ; total_inserido[4]                ; total_inserido[6]          ; clock        ; clock       ; 1.000        ; -0.060     ; 2.883      ;
; -1.885 ; total_inserido[3]                ; total_inserido[4]          ; clock        ; clock       ; 1.000        ; -0.061     ; 2.819      ;
; -1.885 ; total_inserido[4]                ; total_inserido[5]          ; clock        ; clock       ; 1.000        ; -0.060     ; 2.820      ;
; -1.877 ; total_inserido[2]                ; total_inserido[7]          ; clock        ; clock       ; 1.000        ; 0.286      ; 3.158      ;
; -1.824 ; total_inserido[2]                ; total_inserido[2]          ; clock        ; clock       ; 1.000        ; -0.061     ; 2.758      ;
; -1.823 ; total_inserido[0]                ; estado_atual_fsm.SOMAR_25  ; clock        ; clock       ; 1.000        ; 0.289      ; 3.107      ;
; -1.822 ; total_inserido[0]                ; estado_atual_fsm.SOMAR_50  ; clock        ; clock       ; 1.000        ; 0.289      ; 3.106      ;
; -1.812 ; total_inserido[0]                ; total_inserido[7]          ; clock        ; clock       ; 1.000        ; 0.284      ; 3.091      ;
; -1.784 ; estado_atual_fsm.ESPERAR         ; total_inserido[4]          ; clock        ; clock       ; 1.000        ; -0.428     ; 2.351      ;
; -1.784 ; estado_atual_fsm.ESPERAR         ; total_inserido[2]          ; clock        ; clock       ; 1.000        ; -0.428     ; 2.351      ;
; -1.784 ; total_inserido[1]                ; total_inserido[7]          ; clock        ; clock       ; 1.000        ; 0.284      ; 3.063      ;
; -1.772 ; total_inserido[3]                ; total_inserido[7]          ; clock        ; clock       ; 1.000        ; 0.286      ; 3.053      ;
; -1.754 ; total_inserido[4]                ; total_inserido[7]          ; clock        ; clock       ; 1.000        ; 0.286      ; 3.035      ;
; -1.742 ; total_inserido[1]                ; total_inserido[1]          ; clock        ; clock       ; 1.000        ; -0.062     ; 2.675      ;
; -1.739 ; total_inserido[0]                ; estado_atual_fsm.SOMAR_100 ; clock        ; clock       ; 1.000        ; 0.289      ; 3.023      ;
; -1.727 ; estado_atual_fsm.ESPERAR         ; total_inserido[3]          ; clock        ; clock       ; 1.000        ; -0.428     ; 2.294      ;
; -1.721 ; total_inserido[2]                ; estado_atual_fsm.SOMAR_25  ; clock        ; clock       ; 1.000        ; 0.291      ; 3.007      ;
; -1.720 ; total_inserido[2]                ; estado_atual_fsm.SOMAR_50  ; clock        ; clock       ; 1.000        ; 0.291      ; 3.006      ;
; -1.700 ; total_inserido[5]                ; estado_atual_fsm.DAR_TROCO ; clock        ; clock       ; 1.000        ; -0.060     ; 2.635      ;
; -1.700 ; total_inserido[5]                ; estado_atual_fsm.INICIO    ; clock        ; clock       ; 1.000        ; -0.060     ; 2.635      ;
; -1.642 ; total_inserido[1]                ; estado_atual_fsm.SOMAR_25  ; clock        ; clock       ; 1.000        ; 0.289      ; 2.926      ;
; -1.640 ; total_inserido[1]                ; estado_atual_fsm.SOMAR_50  ; clock        ; clock       ; 1.000        ; 0.289      ; 2.924      ;
; -1.637 ; total_inserido[2]                ; estado_atual_fsm.SOMAR_100 ; clock        ; clock       ; 1.000        ; 0.291      ; 2.923      ;
; -1.635 ; total_inserido[6]                ; total_inserido[7]          ; clock        ; clock       ; 1.000        ; 0.284      ; 2.914      ;
; -1.634 ; total_inserido[5]                ; total_inserido[7]          ; clock        ; clock       ; 1.000        ; 0.284      ; 2.913      ;
; -1.589 ; total_inserido[7]                ; total_inserido[7]          ; clock        ; clock       ; 1.000        ; -0.076     ; 2.508      ;
; -1.580 ; total_inserido[4]                ; estado_atual_fsm.SOMAR_25  ; clock        ; clock       ; 1.000        ; 0.291      ; 2.866      ;
; -1.579 ; total_inserido[4]                ; estado_atual_fsm.SOMAR_50  ; clock        ; clock       ; 1.000        ; 0.291      ; 2.865      ;
; -1.553 ; total_inserido[1]                ; estado_atual_fsm.SOMAR_100 ; clock        ; clock       ; 1.000        ; 0.289      ; 2.837      ;
; -1.539 ; estado_atual_fsm.SOMAR_50        ; total_inserido[0]          ; clock        ; clock       ; 1.000        ; -0.427     ; 2.107      ;
; -1.536 ; total_inserido[4]                ; total_inserido[4]          ; clock        ; clock       ; 1.000        ; -0.061     ; 2.470      ;
; -1.535 ; estado_atual_fsm.ESPERAR         ; total_inserido[0]          ; clock        ; clock       ; 1.000        ; -0.427     ; 2.103      ;
; -1.521 ; estado_atual_fsm.ESPERAR         ; total_inserido[6]          ; clock        ; clock       ; 1.000        ; -0.427     ; 2.089      ;
; -1.521 ; estado_atual_fsm.ESPERAR         ; total_inserido[5]          ; clock        ; clock       ; 1.000        ; -0.427     ; 2.089      ;
; -1.521 ; estado_atual_fsm.SOMAR_100       ; total_inserido[1]          ; clock        ; clock       ; 1.000        ; -0.427     ; 2.089      ;
; -1.513 ; total_inserido[0]                ; estado_atual_fsm.ESPERAR   ; clock        ; clock       ; 1.000        ; 0.289      ; 2.797      ;
; -1.511 ; total_inserido[6]                ; total_inserido[6]          ; clock        ; clock       ; 1.000        ; -0.062     ; 2.444      ;
; -1.511 ; total_inserido[3]                ; total_inserido[3]          ; clock        ; clock       ; 1.000        ; -0.061     ; 2.445      ;
; -1.502 ; total_inserido[3]                ; estado_atual_fsm.SOMAR_25  ; clock        ; clock       ; 1.000        ; 0.291      ; 2.788      ;
; -1.500 ; total_inserido[7]                ; estado_atual_fsm.DAR_TROCO ; clock        ; clock       ; 1.000        ; -0.420     ; 2.075      ;
; -1.500 ; total_inserido[7]                ; estado_atual_fsm.INICIO    ; clock        ; clock       ; 1.000        ; -0.420     ; 2.075      ;
; -1.500 ; total_inserido[3]                ; estado_atual_fsm.SOMAR_50  ; clock        ; clock       ; 1.000        ; 0.291      ; 2.786      ;
; -1.496 ; total_inserido[4]                ; estado_atual_fsm.SOMAR_100 ; clock        ; clock       ; 1.000        ; 0.291      ; 2.782      ;
; -1.487 ; total_inserido[5]                ; total_inserido[5]          ; clock        ; clock       ; 1.000        ; -0.062     ; 2.420      ;
; -1.472 ; estado_atual_fsm.FORNECER        ; total_inserido[2]          ; clock        ; clock       ; 1.000        ; -0.428     ; 2.039      ;
; -1.472 ; total_inserido[6]                ; estado_atual_fsm.SOMAR_25  ; clock        ; clock       ; 1.000        ; 0.289      ; 2.756      ;
; -1.471 ; total_inserido[6]                ; estado_atual_fsm.SOMAR_50  ; clock        ; clock       ; 1.000        ; 0.289      ; 2.755      ;
; -1.453 ; estado_atual_fsm.FORNECER        ; total_inserido[1]          ; clock        ; clock       ; 1.000        ; -0.427     ; 2.021      ;
; -1.443 ; estado_atual_fsm.SOMAR_25        ; total_inserido[3]          ; clock        ; clock       ; 1.000        ; -0.428     ; 2.010      ;
; -1.441 ; total_inserido[6]                ; estado_atual_fsm.DAR_TROCO ; clock        ; clock       ; 1.000        ; -0.060     ; 2.376      ;
; -1.441 ; total_inserido[6]                ; estado_atual_fsm.INICIO    ; clock        ; clock       ; 1.000        ; -0.060     ; 2.376      ;
; -1.437 ; estado_atual_fsm.FORNECER        ; total_inserido[7]          ; clock        ; clock       ; 1.000        ; -0.081     ; 2.351      ;
; -1.430 ; estado_atual_fsm.ESPERAR         ; total_inserido[1]          ; clock        ; clock       ; 1.000        ; -0.427     ; 1.998      ;
; -1.411 ; total_inserido[2]                ; estado_atual_fsm.ESPERAR   ; clock        ; clock       ; 1.000        ; 0.291      ; 2.697      ;
; -1.409 ; total_inserido[3]                ; estado_atual_fsm.SOMAR_100 ; clock        ; clock       ; 1.000        ; 0.291      ; 2.695      ;
; -1.403 ; total_inserido[0]                ; estado_atual_fsm.FORNECER  ; clock        ; clock       ; 1.000        ; 0.289      ; 2.687      ;
; -1.401 ; estado_atual_fsm.ESPERAR         ; total_inserido[7]          ; clock        ; clock       ; 1.000        ; -0.081     ; 2.315      ;
; -1.388 ; total_inserido[6]                ; estado_atual_fsm.SOMAR_100 ; clock        ; clock       ; 1.000        ; 0.289      ; 2.672      ;
; -1.372 ; total_inserido[5]                ; estado_atual_fsm.SOMAR_25  ; clock        ; clock       ; 1.000        ; 0.289      ; 2.656      ;
; -1.370 ; total_inserido[5]                ; estado_atual_fsm.SOMAR_50  ; clock        ; clock       ; 1.000        ; 0.289      ; 2.654      ;
; -1.362 ; total_inserido[1]                ; estado_atual_fsm.ESPERAR   ; clock        ; clock       ; 1.000        ; 0.289      ; 2.646      ;
; -1.321 ; total_inserido[0]                ; total_inserido[0]          ; clock        ; clock       ; 1.000        ; -0.062     ; 2.254      ;
; -1.301 ; estado_atual_fsm.FORNECER        ; total_inserido[4]          ; clock        ; clock       ; 1.000        ; -0.428     ; 1.868      ;
; -1.301 ; total_inserido[2]                ; estado_atual_fsm.FORNECER  ; clock        ; clock       ; 1.000        ; 0.291      ; 2.587      ;
; -1.292 ; estado_atual_fsm.DAR_TROCO       ; total_inserido[4]          ; clock        ; clock       ; 1.000        ; -0.064     ; 2.223      ;
; -1.282 ; estado_atual_fsm.SOMAR_50        ; total_inserido[3]          ; clock        ; clock       ; 1.000        ; -0.428     ; 1.849      ;
; -1.270 ; total_inserido[4]                ; estado_atual_fsm.ESPERAR   ; clock        ; clock       ; 1.000        ; 0.291      ; 2.556      ;
; -1.268 ; estado_atual_fsm.SOMAR_25        ; total_inserido[6]          ; clock        ; clock       ; 1.000        ; -0.427     ; 1.836      ;
; -1.267 ; estado_atual_fsm.SOMAR_25        ; total_inserido[5]          ; clock        ; clock       ; 1.000        ; -0.427     ; 1.835      ;
; -1.266 ; total_inserido[5]                ; estado_atual_fsm.SOMAR_100 ; clock        ; clock       ; 1.000        ; 0.289      ; 2.550      ;
; -1.249 ; estado_atual_fsm.SOMAR_100       ; total_inserido[0]          ; clock        ; clock       ; 1.000        ; -0.427     ; 1.817      ;
; -1.243 ; estado_atual_fsm.SOMAR_50        ; total_inserido[6]          ; clock        ; clock       ; 1.000        ; -0.427     ; 1.811      ;
; -1.243 ; estado_atual_fsm.SOMAR_50        ; total_inserido[5]          ; clock        ; clock       ; 1.000        ; -0.427     ; 1.811      ;
; -1.222 ; total_inserido[3]                ; estado_atual_fsm.ESPERAR   ; clock        ; clock       ; 1.000        ; 0.291      ; 2.508      ;
; -1.217 ; estado_atual_fsm.DAR_TROCO       ; total_inserido[1]          ; clock        ; clock       ; 1.000        ; -0.063     ; 2.149      ;
; -1.217 ; total_inserido[1]                ; estado_atual_fsm.FORNECER  ; clock        ; clock       ; 1.000        ; 0.289      ; 2.501      ;
; -1.210 ; estado_atual_fsm.SOMAR_25        ; total_inserido[2]          ; clock        ; clock       ; 1.000        ; -0.428     ; 1.777      ;
; -1.208 ; estado_atual_fsm.SOMAR_25        ; total_inserido[4]          ; clock        ; clock       ; 1.000        ; -0.428     ; 1.775      ;
; -1.202 ; estado_atual_fsm.FORNECER        ; total_inserido[5]          ; clock        ; clock       ; 1.000        ; -0.427     ; 1.770      ;
; -1.189 ; estado_atual_fsm.VERIFICAR_TROCO ; total_inserido[4]          ; clock        ; clock       ; 1.000        ; -0.064     ; 2.120      ;
; -1.189 ; estado_atual_fsm.VERIFICAR_TROCO ; total_inserido[2]          ; clock        ; clock       ; 1.000        ; -0.064     ; 2.120      ;
; -1.184 ; estado_atual_fsm.SOMAR_50        ; total_inserido[4]          ; clock        ; clock       ; 1.000        ; -0.428     ; 1.751      ;
+--------+----------------------------------+----------------------------+--------------+-------------+--------------+------------+------------+


+---------------------------------------------------------------------------------------------------------------------------------------------------+
; Slow 1200mV 85C Model Hold: 'clock'                                                                                                               ;
+-------+----------------------------------+----------------------------------+--------------+-------------+--------------+------------+------------+
; Slack ; From Node                        ; To Node                          ; Launch Clock ; Latch Clock ; Relationship ; Clock Skew ; Data Delay ;
+-------+----------------------------------+----------------------------------+--------------+-------------+--------------+------------+------------+
; 0.408 ; estado_atual_fsm.DAR_TROCO       ; estado_atual_fsm.VERIFICAR_TROCO ; clock        ; clock       ; 0.000        ; 0.061      ; 0.626      ;
; 0.458 ; estado_atual_fsm.INICIO          ; estado_atual_fsm.ESPERAR         ; clock        ; clock       ; 0.000        ; 0.425      ; 1.040      ;
; 0.591 ; estado_atual_fsm.ESPERAR         ; estado_atual_fsm.FORNECER        ; clock        ; clock       ; 0.000        ; 0.076      ; 0.824      ;
; 0.599 ; estado_atual_fsm.VERIFICAR_TROCO ; estado_atual_fsm.DAR_TROCO       ; clock        ; clock       ; 0.000        ; 0.061      ; 0.817      ;
; 0.641 ; estado_atual_fsm.ESPERAR         ; estado_atual_fsm.SOMAR_50        ; clock        ; clock       ; 0.000        ; 0.076      ; 0.874      ;
; 0.642 ; estado_atual_fsm.ESPERAR         ; estado_atual_fsm.SOMAR_25        ; clock        ; clock       ; 0.000        ; 0.076      ; 0.875      ;
; 0.645 ; estado_atual_fsm.VERIFICAR_TROCO ; estado_atual_fsm.INICIO          ; clock        ; clock       ; 0.000        ; 0.061      ; 0.863      ;
; 0.752 ; total_inserido[3]                ; estado_atual_fsm.DAR_TROCO       ; clock        ; clock       ; 0.000        ; 0.064      ; 0.973      ;
; 0.752 ; total_inserido[3]                ; estado_atual_fsm.INICIO          ; clock        ; clock       ; 0.000        ; 0.064      ; 0.973      ;
; 0.759 ; estado_atual_fsm.ESPERAR         ; estado_atual_fsm.SOMAR_100       ; clock        ; clock       ; 0.000        ; 0.076      ; 0.992      ;
; 0.860 ; estado_atual_fsm.DAR_TROCO       ; total_inserido[7]                ; clock        ; clock       ; 0.000        ; 0.420      ; 1.437      ;
; 1.118 ; estado_atual_fsm.SOMAR_100       ; estado_atual_fsm.ESPERAR         ; clock        ; clock       ; 0.000        ; 0.076      ; 1.351      ;
; 1.152 ; total_inserido[0]                ; total_inserido[0]                ; clock        ; clock       ; 0.000        ; 0.062      ; 1.371      ;
; 1.168 ; estado_atual_fsm.FORNECER        ; estado_atual_fsm.VERIFICAR_TROCO ; clock        ; clock       ; 0.000        ; -0.288     ; 1.037      ;
; 1.172 ; total_inserido[1]                ; total_inserido[1]                ; clock        ; clock       ; 0.000        ; 0.062      ; 1.391      ;
; 1.177 ; total_inserido[2]                ; total_inserido[2]                ; clock        ; clock       ; 0.000        ; 0.061      ; 1.395      ;
; 1.201 ; estado_atual_fsm.DAR_TROCO       ; total_inserido[6]                ; clock        ; clock       ; 0.000        ; 0.060      ; 1.418      ;
; 1.204 ; total_inserido[7]                ; estado_atual_fsm.FORNECER        ; clock        ; clock       ; 0.000        ; 0.081      ; 1.442      ;
; 1.228 ; estado_atual_fsm.ESPERAR         ; estado_atual_fsm.ESPERAR         ; clock        ; clock       ; 0.000        ; 0.076      ; 1.461      ;
; 1.303 ; total_inserido[5]                ; estado_atual_fsm.FORNECER        ; clock        ; clock       ; 0.000        ; 0.427      ; 1.887      ;
; 1.335 ; total_inserido[6]                ; estado_atual_fsm.FORNECER        ; clock        ; clock       ; 0.000        ; 0.427      ; 1.919      ;
; 1.336 ; total_inserido[4]                ; total_inserido[4]                ; clock        ; clock       ; 0.000        ; 0.061      ; 1.554      ;
; 1.339 ; estado_atual_fsm.SOMAR_100       ; total_inserido[6]                ; clock        ; clock       ; 0.000        ; -0.289     ; 1.207      ;
; 1.344 ; estado_atual_fsm.SOMAR_25        ; estado_atual_fsm.ESPERAR         ; clock        ; clock       ; 0.000        ; 0.076      ; 1.577      ;
; 1.345 ; estado_atual_fsm.DAR_TROCO       ; total_inserido[2]                ; clock        ; clock       ; 0.000        ; 0.058      ; 1.560      ;
; 1.352 ; total_inserido[7]                ; estado_atual_fsm.ESPERAR         ; clock        ; clock       ; 0.000        ; 0.081      ; 1.590      ;
; 1.355 ; estado_atual_fsm.SOMAR_100       ; total_inserido[3]                ; clock        ; clock       ; 0.000        ; -0.291     ; 1.221      ;
; 1.360 ; estado_atual_fsm.SOMAR_100       ; total_inserido[5]                ; clock        ; clock       ; 0.000        ; -0.289     ; 1.228      ;
; 1.364 ; estado_atual_fsm.SOMAR_100       ; total_inserido[7]                ; clock        ; clock       ; 0.000        ; 0.071      ; 1.592      ;
; 1.370 ; estado_atual_fsm.SOMAR_25        ; total_inserido[0]                ; clock        ; clock       ; 0.000        ; -0.289     ; 1.238      ;
; 1.375 ; estado_atual_fsm.DAR_TROCO       ; total_inserido[5]                ; clock        ; clock       ; 0.000        ; 0.060      ; 1.592      ;
; 1.376 ; estado_atual_fsm.SOMAR_100       ; total_inserido[4]                ; clock        ; clock       ; 0.000        ; -0.291     ; 1.242      ;
; 1.378 ; estado_atual_fsm.SOMAR_100       ; total_inserido[2]                ; clock        ; clock       ; 0.000        ; -0.291     ; 1.244      ;
; 1.385 ; estado_atual_fsm.SOMAR_50        ; estado_atual_fsm.ESPERAR         ; clock        ; clock       ; 0.000        ; 0.076      ; 1.618      ;
; 1.386 ; total_inserido[6]                ; total_inserido[6]                ; clock        ; clock       ; 0.000        ; 0.062      ; 1.605      ;
; 1.387 ; estado_atual_fsm.DAR_TROCO       ; total_inserido[0]                ; clock        ; clock       ; 0.000        ; 0.060      ; 1.604      ;
; 1.403 ; total_inserido[3]                ; total_inserido[3]                ; clock        ; clock       ; 0.000        ; 0.061      ; 1.621      ;
; 1.403 ; estado_atual_fsm.SOMAR_50        ; total_inserido[7]                ; clock        ; clock       ; 0.000        ; 0.071      ; 1.631      ;
; 1.421 ; total_inserido[4]                ; estado_atual_fsm.FORNECER        ; clock        ; clock       ; 0.000        ; 0.428      ; 2.006      ;
; 1.422 ; total_inserido[5]                ; total_inserido[5]                ; clock        ; clock       ; 0.000        ; 0.062      ; 1.641      ;
; 1.431 ; total_inserido[3]                ; estado_atual_fsm.FORNECER        ; clock        ; clock       ; 0.000        ; 0.428      ; 2.016      ;
; 1.434 ; total_inserido[7]                ; total_inserido[7]                ; clock        ; clock       ; 0.000        ; 0.076      ; 1.667      ;
; 1.435 ; estado_atual_fsm.VERIFICAR_TROCO ; total_inserido[7]                ; clock        ; clock       ; 0.000        ; 0.420      ; 2.012      ;
; 1.463 ; total_inserido[0]                ; total_inserido[1]                ; clock        ; clock       ; 0.000        ; 0.062      ; 1.682      ;
; 1.467 ; total_inserido[5]                ; estado_atual_fsm.ESPERAR         ; clock        ; clock       ; 0.000        ; 0.427      ; 2.051      ;
; 1.483 ; estado_atual_fsm.SOMAR_25        ; total_inserido[7]                ; clock        ; clock       ; 0.000        ; 0.071      ; 1.711      ;
; 1.487 ; total_inserido[4]                ; estado_atual_fsm.DAR_TROCO       ; clock        ; clock       ; 0.000        ; 0.064      ; 1.708      ;
; 1.487 ; total_inserido[4]                ; estado_atual_fsm.INICIO          ; clock        ; clock       ; 0.000        ; 0.064      ; 1.708      ;
; 1.499 ; total_inserido[6]                ; estado_atual_fsm.ESPERAR         ; clock        ; clock       ; 0.000        ; 0.427      ; 2.083      ;
; 1.503 ; estado_atual_fsm.VERIFICAR_TROCO ; total_inserido[0]                ; clock        ; clock       ; 0.000        ; 0.060      ; 1.720      ;
; 1.505 ; total_inserido[7]                ; estado_atual_fsm.SOMAR_50        ; clock        ; clock       ; 0.000        ; 0.081      ; 1.743      ;
; 1.506 ; total_inserido[7]                ; estado_atual_fsm.SOMAR_25        ; clock        ; clock       ; 0.000        ; 0.081      ; 1.744      ;
; 1.507 ; total_inserido[7]                ; estado_atual_fsm.SOMAR_100       ; clock        ; clock       ; 0.000        ; 0.081      ; 1.745      ;
; 1.523 ; total_inserido[6]                ; total_inserido[7]                ; clock        ; clock       ; 0.000        ; 0.422      ; 2.102      ;
; 1.524 ; total_inserido[0]                ; estado_atual_fsm.DAR_TROCO       ; clock        ; clock       ; 0.000        ; 0.063      ; 1.744      ;
; 1.524 ; total_inserido[0]                ; estado_atual_fsm.INICIO          ; clock        ; clock       ; 0.000        ; 0.063      ; 1.744      ;
; 1.525 ; total_inserido[4]                ; total_inserido[7]                ; clock        ; clock       ; 0.000        ; 0.423      ; 2.105      ;
; 1.528 ; estado_atual_fsm.VERIFICAR_TROCO ; total_inserido[1]                ; clock        ; clock       ; 0.000        ; 0.060      ; 1.745      ;
; 1.539 ; total_inserido[1]                ; estado_atual_fsm.DAR_TROCO       ; clock        ; clock       ; 0.000        ; 0.063      ; 1.759      ;
; 1.539 ; total_inserido[1]                ; estado_atual_fsm.INICIO          ; clock        ; clock       ; 0.000        ; 0.063      ; 1.759      ;
; 1.565 ; total_inserido[1]                ; estado_atual_fsm.FORNECER        ; clock        ; clock       ; 0.000        ; 0.427      ; 2.149      ;
; 1.574 ; estado_atual_fsm.DAR_TROCO       ; total_inserido[3]                ; clock        ; clock       ; 0.000        ; 0.058      ; 1.789      ;
; 1.580 ; total_inserido[2]                ; estado_atual_fsm.FORNECER        ; clock        ; clock       ; 0.000        ; 0.428      ; 2.165      ;
; 1.585 ; total_inserido[4]                ; estado_atual_fsm.ESPERAR         ; clock        ; clock       ; 0.000        ; 0.428      ; 2.170      ;
; 1.592 ; estado_atual_fsm.VERIFICAR_TROCO ; total_inserido[6]                ; clock        ; clock       ; 0.000        ; 0.060      ; 1.809      ;
; 1.592 ; estado_atual_fsm.VERIFICAR_TROCO ; total_inserido[5]                ; clock        ; clock       ; 0.000        ; 0.060      ; 1.809      ;
; 1.592 ; estado_atual_fsm.FORNECER        ; total_inserido[6]                ; clock        ; clock       ; 0.000        ; -0.289     ; 1.460      ;
; 1.595 ; total_inserido[3]                ; estado_atual_fsm.ESPERAR         ; clock        ; clock       ; 0.000        ; 0.428      ; 2.180      ;
; 1.601 ; total_inserido[5]                ; total_inserido[7]                ; clock        ; clock       ; 0.000        ; 0.422      ; 2.180      ;
; 1.603 ; estado_atual_fsm.SOMAR_25        ; total_inserido[1]                ; clock        ; clock       ; 0.000        ; -0.289     ; 1.471      ;
; 1.604 ; total_inserido[5]                ; estado_atual_fsm.SOMAR_50        ; clock        ; clock       ; 0.000        ; 0.427      ; 2.188      ;
; 1.605 ; total_inserido[5]                ; estado_atual_fsm.SOMAR_25        ; clock        ; clock       ; 0.000        ; 0.427      ; 2.189      ;
; 1.606 ; total_inserido[5]                ; estado_atual_fsm.SOMAR_100       ; clock        ; clock       ; 0.000        ; 0.427      ; 2.190      ;
; 1.629 ; total_inserido[3]                ; total_inserido[7]                ; clock        ; clock       ; 0.000        ; 0.423      ; 2.209      ;
; 1.631 ; total_inserido[2]                ; estado_atual_fsm.DAR_TROCO       ; clock        ; clock       ; 0.000        ; 0.064      ; 1.852      ;
; 1.631 ; total_inserido[2]                ; estado_atual_fsm.INICIO          ; clock        ; clock       ; 0.000        ; 0.064      ; 1.852      ;
; 1.636 ; total_inserido[6]                ; estado_atual_fsm.SOMAR_50        ; clock        ; clock       ; 0.000        ; 0.427      ; 2.220      ;
; 1.637 ; total_inserido[6]                ; estado_atual_fsm.SOMAR_25        ; clock        ; clock       ; 0.000        ; 0.427      ; 2.221      ;
; 1.638 ; estado_atual_fsm.FORNECER        ; total_inserido[0]                ; clock        ; clock       ; 0.000        ; -0.289     ; 1.506      ;
; 1.638 ; total_inserido[6]                ; estado_atual_fsm.SOMAR_100       ; clock        ; clock       ; 0.000        ; 0.427      ; 2.222      ;
; 1.640 ; estado_atual_fsm.SOMAR_50        ; total_inserido[1]                ; clock        ; clock       ; 0.000        ; -0.289     ; 1.508      ;
; 1.645 ; estado_atual_fsm.SOMAR_50        ; total_inserido[2]                ; clock        ; clock       ; 0.000        ; -0.291     ; 1.511      ;
; 1.645 ; estado_atual_fsm.SOMAR_50        ; total_inserido[4]                ; clock        ; clock       ; 0.000        ; -0.291     ; 1.511      ;
; 1.654 ; estado_atual_fsm.FORNECER        ; total_inserido[3]                ; clock        ; clock       ; 0.000        ; -0.291     ; 1.520      ;
; 1.656 ; total_inserido[2]                ; total_inserido[7]                ; clock        ; clock       ; 0.000        ; 0.423      ; 2.236      ;
; 1.671 ; total_inserido[0]                ; estado_atual_fsm.FORNECER        ; clock        ; clock       ; 0.000        ; 0.427      ; 2.255      ;
; 1.676 ; estado_atual_fsm.DAR_TROCO       ; total_inserido[1]                ; clock        ; clock       ; 0.000        ; 0.060      ; 1.893      ;
; 1.687 ; total_inserido[5]                ; total_inserido[6]                ; clock        ; clock       ; 0.000        ; 0.062      ; 1.906      ;
; 1.687 ; total_inserido[2]                ; total_inserido[3]                ; clock        ; clock       ; 0.000        ; 0.061      ; 1.905      ;
; 1.716 ; estado_atual_fsm.FORNECER        ; total_inserido[5]                ; clock        ; clock       ; 0.000        ; -0.289     ; 1.584      ;
; 1.722 ; total_inserido[4]                ; estado_atual_fsm.SOMAR_50        ; clock        ; clock       ; 0.000        ; 0.428      ; 2.307      ;
; 1.723 ; total_inserido[4]                ; estado_atual_fsm.SOMAR_25        ; clock        ; clock       ; 0.000        ; 0.428      ; 2.308      ;
; 1.724 ; total_inserido[4]                ; estado_atual_fsm.SOMAR_100       ; clock        ; clock       ; 0.000        ; 0.428      ; 2.309      ;
; 1.729 ; total_inserido[1]                ; estado_atual_fsm.ESPERAR         ; clock        ; clock       ; 0.000        ; 0.427      ; 2.313      ;
; 1.732 ; total_inserido[3]                ; estado_atual_fsm.SOMAR_50        ; clock        ; clock       ; 0.000        ; 0.428      ; 2.317      ;
; 1.733 ; total_inserido[3]                ; estado_atual_fsm.SOMAR_25        ; clock        ; clock       ; 0.000        ; 0.428      ; 2.318      ;
; 1.734 ; estado_atual_fsm.SOMAR_50        ; total_inserido[5]                ; clock        ; clock       ; 0.000        ; -0.289     ; 1.602      ;
; 1.734 ; estado_atual_fsm.SOMAR_50        ; total_inserido[6]                ; clock        ; clock       ; 0.000        ; -0.289     ; 1.602      ;
; 1.734 ; total_inserido[3]                ; estado_atual_fsm.SOMAR_100       ; clock        ; clock       ; 0.000        ; 0.428      ; 2.319      ;
; 1.735 ; estado_atual_fsm.SOMAR_25        ; total_inserido[5]                ; clock        ; clock       ; 0.000        ; -0.289     ; 1.603      ;
+-------+----------------------------------+----------------------------------+--------------+-------------+--------------+------------+------------+


+-----------------------------------------------------------------------------------------------------------------------+
; Slow 1200mV 85C Model Minimum Pulse Width: 'clock'                                                                    ;
+--------+--------------+----------------+------------------+-------+------------+--------------------------------------+
; Slack  ; Actual Width ; Required Width ; Type             ; Clock ; Clock Edge ; Target                               ;
+--------+--------------+----------------+------------------+-------+------------+--------------------------------------+
; -3.000 ; 1.000        ; 4.000          ; Port Rate        ; clock ; Rise       ; clock                                ;
; -1.000 ; 1.000        ; 2.000          ; Min Period       ; clock ; Rise       ; estado_atual_fsm.DAR_TROCO           ;
; -1.000 ; 1.000        ; 2.000          ; Min Period       ; clock ; Rise       ; estado_atual_fsm.ESPERAR             ;
; -1.000 ; 1.000        ; 2.000          ; Min Period       ; clock ; Rise       ; estado_atual_fsm.FORNECER            ;
; -1.000 ; 1.000        ; 2.000          ; Min Period       ; clock ; Rise       ; estado_atual_fsm.INICIO              ;
; -1.000 ; 1.000        ; 2.000          ; Min Period       ; clock ; Rise       ; estado_atual_fsm.SOMAR_100           ;
; -1.000 ; 1.000        ; 2.000          ; Min Period       ; clock ; Rise       ; estado_atual_fsm.SOMAR_25            ;
; -1.000 ; 1.000        ; 2.000          ; Min Period       ; clock ; Rise       ; estado_atual_fsm.SOMAR_50            ;
; -1.000 ; 1.000        ; 2.000          ; Min Period       ; clock ; Rise       ; estado_atual_fsm.VERIFICAR_TROCO     ;
; -1.000 ; 1.000        ; 2.000          ; Min Period       ; clock ; Rise       ; total_inserido[0]                    ;
; -1.000 ; 1.000        ; 2.000          ; Min Period       ; clock ; Rise       ; total_inserido[1]                    ;
; -1.000 ; 1.000        ; 2.000          ; Min Period       ; clock ; Rise       ; total_inserido[2]                    ;
; -1.000 ; 1.000        ; 2.000          ; Min Period       ; clock ; Rise       ; total_inserido[3]                    ;
; -1.000 ; 1.000        ; 2.000          ; Min Period       ; clock ; Rise       ; total_inserido[4]                    ;
; -1.000 ; 1.000        ; 2.000          ; Min Period       ; clock ; Rise       ; total_inserido[5]                    ;
; -1.000 ; 1.000        ; 2.000          ; Min Period       ; clock ; Rise       ; total_inserido[6]                    ;
; -1.000 ; 1.000        ; 2.000          ; Min Period       ; clock ; Rise       ; total_inserido[7]                    ;
; 0.165  ; 0.349        ; 0.184          ; Low Pulse Width  ; clock ; Rise       ; estado_atual_fsm.ESPERAR             ;
; 0.165  ; 0.349        ; 0.184          ; Low Pulse Width  ; clock ; Rise       ; estado_atual_fsm.FORNECER            ;
; 0.165  ; 0.349        ; 0.184          ; Low Pulse Width  ; clock ; Rise       ; estado_atual_fsm.SOMAR_100           ;
; 0.165  ; 0.349        ; 0.184          ; Low Pulse Width  ; clock ; Rise       ; estado_atual_fsm.SOMAR_25            ;
; 0.165  ; 0.349        ; 0.184          ; Low Pulse Width  ; clock ; Rise       ; estado_atual_fsm.SOMAR_50            ;
; 0.173  ; 0.357        ; 0.184          ; Low Pulse Width  ; clock ; Rise       ; total_inserido[7]                    ;
; 0.185  ; 0.369        ; 0.184          ; Low Pulse Width  ; clock ; Rise       ; estado_atual_fsm.DAR_TROCO           ;
; 0.185  ; 0.369        ; 0.184          ; Low Pulse Width  ; clock ; Rise       ; estado_atual_fsm.INICIO              ;
; 0.185  ; 0.369        ; 0.184          ; Low Pulse Width  ; clock ; Rise       ; estado_atual_fsm.VERIFICAR_TROCO     ;
; 0.185  ; 0.369        ; 0.184          ; Low Pulse Width  ; clock ; Rise       ; total_inserido[3]                    ;
; 0.186  ; 0.370        ; 0.184          ; Low Pulse Width  ; clock ; Rise       ; total_inserido[0]                    ;
; 0.186  ; 0.370        ; 0.184          ; Low Pulse Width  ; clock ; Rise       ; total_inserido[1]                    ;
; 0.186  ; 0.370        ; 0.184          ; Low Pulse Width  ; clock ; Rise       ; total_inserido[2]                    ;
; 0.186  ; 0.370        ; 0.184          ; Low Pulse Width  ; clock ; Rise       ; total_inserido[4]                    ;
; 0.186  ; 0.370        ; 0.184          ; Low Pulse Width  ; clock ; Rise       ; total_inserido[5]                    ;
; 0.186  ; 0.370        ; 0.184          ; Low Pulse Width  ; clock ; Rise       ; total_inserido[6]                    ;
; 0.327  ; 0.327        ; 0.000          ; Low Pulse Width  ; clock ; Rise       ; estado_atual_fsm.ESPERAR|clk         ;
; 0.327  ; 0.327        ; 0.000          ; Low Pulse Width  ; clock ; Rise       ; estado_atual_fsm.FORNECER|clk        ;
; 0.327  ; 0.327        ; 0.000          ; Low Pulse Width  ; clock ; Rise       ; estado_atual_fsm.SOMAR_100|clk       ;
; 0.327  ; 0.327        ; 0.000          ; Low Pulse Width  ; clock ; Rise       ; estado_atual_fsm.SOMAR_25|clk        ;
; 0.327  ; 0.327        ; 0.000          ; Low Pulse Width  ; clock ; Rise       ; estado_atual_fsm.SOMAR_50|clk        ;
; 0.334  ; 0.334        ; 0.000          ; Low Pulse Width  ; clock ; Rise       ; total_inserido[7]|clk                ;
; 0.339  ; 0.339        ; 0.000          ; Low Pulse Width  ; clock ; Rise       ; clock~input|o                        ;
; 0.346  ; 0.346        ; 0.000          ; Low Pulse Width  ; clock ; Rise       ; total_inserido[0]|clk                ;
; 0.346  ; 0.346        ; 0.000          ; Low Pulse Width  ; clock ; Rise       ; total_inserido[1]|clk                ;
; 0.346  ; 0.346        ; 0.000          ; Low Pulse Width  ; clock ; Rise       ; total_inserido[5]|clk                ;
; 0.346  ; 0.346        ; 0.000          ; Low Pulse Width  ; clock ; Rise       ; total_inserido[6]|clk                ;
; 0.347  ; 0.347        ; 0.000          ; Low Pulse Width  ; clock ; Rise       ; estado_atual_fsm.DAR_TROCO|clk       ;
; 0.347  ; 0.347        ; 0.000          ; Low Pulse Width  ; clock ; Rise       ; estado_atual_fsm.INICIO|clk          ;
; 0.347  ; 0.347        ; 0.000          ; Low Pulse Width  ; clock ; Rise       ; estado_atual_fsm.VERIFICAR_TROCO|clk ;
; 0.347  ; 0.347        ; 0.000          ; Low Pulse Width  ; clock ; Rise       ; total_inserido[2]|clk                ;
; 0.347  ; 0.347        ; 0.000          ; Low Pulse Width  ; clock ; Rise       ; total_inserido[3]|clk                ;
; 0.347  ; 0.347        ; 0.000          ; Low Pulse Width  ; clock ; Rise       ; total_inserido[4]|clk                ;
; 0.356  ; 0.356        ; 0.000          ; Low Pulse Width  ; clock ; Rise       ; clock~inputclkctrl|inclk[0]          ;
; 0.356  ; 0.356        ; 0.000          ; Low Pulse Width  ; clock ; Rise       ; clock~inputclkctrl|outclk            ;
; 0.413  ; 0.629        ; 0.216          ; High Pulse Width ; clock ; Rise       ; estado_atual_fsm.DAR_TROCO           ;
; 0.413  ; 0.629        ; 0.216          ; High Pulse Width ; clock ; Rise       ; estado_atual_fsm.INICIO              ;
; 0.413  ; 0.629        ; 0.216          ; High Pulse Width ; clock ; Rise       ; estado_atual_fsm.VERIFICAR_TROCO     ;
; 0.413  ; 0.629        ; 0.216          ; High Pulse Width ; clock ; Rise       ; total_inserido[2]                    ;
; 0.413  ; 0.629        ; 0.216          ; High Pulse Width ; clock ; Rise       ; total_inserido[3]                    ;
; 0.413  ; 0.629        ; 0.216          ; High Pulse Width ; clock ; Rise       ; total_inserido[4]                    ;
; 0.414  ; 0.630        ; 0.216          ; High Pulse Width ; clock ; Rise       ; total_inserido[0]                    ;
; 0.414  ; 0.630        ; 0.216          ; High Pulse Width ; clock ; Rise       ; total_inserido[1]                    ;
; 0.414  ; 0.630        ; 0.216          ; High Pulse Width ; clock ; Rise       ; total_inserido[5]                    ;
; 0.414  ; 0.630        ; 0.216          ; High Pulse Width ; clock ; Rise       ; total_inserido[6]                    ;
; 0.426  ; 0.642        ; 0.216          ; High Pulse Width ; clock ; Rise       ; total_inserido[7]                    ;
; 0.433  ; 0.649        ; 0.216          ; High Pulse Width ; clock ; Rise       ; estado_atual_fsm.ESPERAR             ;
; 0.433  ; 0.649        ; 0.216          ; High Pulse Width ; clock ; Rise       ; estado_atual_fsm.FORNECER            ;
; 0.433  ; 0.649        ; 0.216          ; High Pulse Width ; clock ; Rise       ; estado_atual_fsm.SOMAR_100           ;
; 0.433  ; 0.649        ; 0.216          ; High Pulse Width ; clock ; Rise       ; estado_atual_fsm.SOMAR_25            ;
; 0.433  ; 0.649        ; 0.216          ; High Pulse Width ; clock ; Rise       ; estado_atual_fsm.SOMAR_50            ;
; 0.500  ; 0.500        ; 0.000          ; High Pulse Width ; clock ; Rise       ; clock~input|i                        ;
; 0.500  ; 0.500        ; 0.000          ; Low Pulse Width  ; clock ; Rise       ; clock~input|i                        ;
; 0.643  ; 0.643        ; 0.000          ; High Pulse Width ; clock ; Rise       ; clock~inputclkctrl|inclk[0]          ;
; 0.643  ; 0.643        ; 0.000          ; High Pulse Width ; clock ; Rise       ; clock~inputclkctrl|outclk            ;
; 0.652  ; 0.652        ; 0.000          ; High Pulse Width ; clock ; Rise       ; total_inserido[0]|clk                ;
; 0.652  ; 0.652        ; 0.000          ; High Pulse Width ; clock ; Rise       ; total_inserido[1]|clk                ;
; 0.652  ; 0.652        ; 0.000          ; High Pulse Width ; clock ; Rise       ; total_inserido[2]|clk                ;
; 0.652  ; 0.652        ; 0.000          ; High Pulse Width ; clock ; Rise       ; total_inserido[4]|clk                ;
; 0.652  ; 0.652        ; 0.000          ; High Pulse Width ; clock ; Rise       ; total_inserido[5]|clk                ;
; 0.652  ; 0.652        ; 0.000          ; High Pulse Width ; clock ; Rise       ; total_inserido[6]|clk                ;
; 0.653  ; 0.653        ; 0.000          ; High Pulse Width ; clock ; Rise       ; estado_atual_fsm.DAR_TROCO|clk       ;
; 0.653  ; 0.653        ; 0.000          ; High Pulse Width ; clock ; Rise       ; estado_atual_fsm.INICIO|clk          ;
; 0.653  ; 0.653        ; 0.000          ; High Pulse Width ; clock ; Rise       ; estado_atual_fsm.VERIFICAR_TROCO|clk ;
; 0.653  ; 0.653        ; 0.000          ; High Pulse Width ; clock ; Rise       ; total_inserido[3]|clk                ;
; 0.661  ; 0.661        ; 0.000          ; High Pulse Width ; clock ; Rise       ; clock~input|o                        ;
; 0.665  ; 0.665        ; 0.000          ; High Pulse Width ; clock ; Rise       ; total_inserido[7]|clk                ;
; 0.673  ; 0.673        ; 0.000          ; High Pulse Width ; clock ; Rise       ; estado_atual_fsm.ESPERAR|clk         ;
; 0.673  ; 0.673        ; 0.000          ; High Pulse Width ; clock ; Rise       ; estado_atual_fsm.FORNECER|clk        ;
; 0.673  ; 0.673        ; 0.000          ; High Pulse Width ; clock ; Rise       ; estado_atual_fsm.SOMAR_100|clk       ;
; 0.673  ; 0.673        ; 0.000          ; High Pulse Width ; clock ; Rise       ; estado_atual_fsm.SOMAR_25|clk        ;
; 0.673  ; 0.673        ; 0.000          ; High Pulse Width ; clock ; Rise       ; estado_atual_fsm.SOMAR_50|clk        ;
+--------+--------------+----------------+------------------+-------+------------+--------------------------------------+


+-------------------------------------------------------------------------------+
; Setup Times                                                                   ;
+-------------------+------------+-------+-------+------------+-----------------+
; Data Port         ; Clock Port ; Rise  ; Fall  ; Clock Edge ; Clock Reference ;
+-------------------+------------+-------+-------+------------+-----------------+
; moeda_1_real      ; clock      ; 1.862 ; 2.250 ; Rise       ; clock           ;
; moeda_25_centavos ; clock      ; 1.977 ; 2.377 ; Rise       ; clock           ;
; moeda_50_centavos ; clock      ; 2.141 ; 2.559 ; Rise       ; clock           ;
; preco_produto[*]  ; clock      ; 3.872 ; 4.340 ; Rise       ; clock           ;
;  preco_produto[0] ; clock      ; 3.857 ; 4.340 ; Rise       ; clock           ;
;  preco_produto[1] ; clock      ; 3.872 ; 4.134 ; Rise       ; clock           ;
;  preco_produto[2] ; clock      ; 3.385 ; 3.881 ; Rise       ; clock           ;
;  preco_produto[3] ; clock      ; 3.492 ; 3.749 ; Rise       ; clock           ;
;  preco_produto[4] ; clock      ; 3.139 ; 3.585 ; Rise       ; clock           ;
;  preco_produto[5] ; clock      ; 3.330 ; 3.788 ; Rise       ; clock           ;
;  preco_produto[6] ; clock      ; 2.856 ; 3.360 ; Rise       ; clock           ;
;  preco_produto[7] ; clock      ; 3.369 ; 3.813 ; Rise       ; clock           ;
+-------------------+------------+-------+-------+------------+-----------------+


+---------------------------------------------------------------------------------+
; Hold Times                                                                      ;
+-------------------+------------+--------+--------+------------+-----------------+
; Data Port         ; Clock Port ; Rise   ; Fall   ; Clock Edge ; Clock Reference ;
+-------------------+------------+--------+--------+------------+-----------------+
; moeda_1_real      ; clock      ; -0.898 ; -1.299 ; Rise       ; clock           ;
; moeda_25_centavos ; clock      ; -0.839 ; -1.287 ; Rise       ; clock           ;
; moeda_50_centavos ; clock      ; -1.405 ; -1.792 ; Rise       ; clock           ;
; preco_produto[*]  ; clock      ; -1.108 ; -1.573 ; Rise       ; clock           ;
;  preco_produto[0] ; clock      ; -1.402 ; -1.812 ; Rise       ; clock           ;
;  preco_produto[1] ; clock      ; -1.249 ; -1.641 ; Rise       ; clock           ;
;  preco_produto[2] ; clock      ; -1.273 ; -1.694 ; Rise       ; clock           ;
;  preco_produto[3] ; clock      ; -1.359 ; -1.777 ; Rise       ; clock           ;
;  preco_produto[4] ; clock      ; -1.402 ; -1.876 ; Rise       ; clock           ;
;  preco_produto[5] ; clock      ; -1.588 ; -2.073 ; Rise       ; clock           ;
;  preco_produto[6] ; clock      ; -1.108 ; -1.573 ; Rise       ; clock           ;
;  preco_produto[7] ; clock      ; -1.428 ; -1.851 ; Rise       ; clock           ;
+-------------------+------------+--------+--------+------------+-----------------+


+--------------------------------------------------------------------------------+
; Clock to Output Times                                                          ;
+--------------------+------------+-------+-------+------------+-----------------+
; Data Port          ; Clock Port ; Rise  ; Fall  ; Clock Edge ; Clock Reference ;
+--------------------+------------+-------+-------+------------+-----------------+
; libera_moeda_troco ; clock      ; 5.679 ; 5.676 ; Rise       ; clock           ;
; libera_produto[*]  ; clock      ; 9.845 ; 9.917 ; Rise       ; clock           ;
;  libera_produto[0] ; clock      ; 9.844 ; 9.892 ; Rise       ; clock           ;
;  libera_produto[1] ; clock      ; 9.541 ; 9.596 ; Rise       ; clock           ;
;  libera_produto[2] ; clock      ; 9.840 ; 9.901 ; Rise       ; clock           ;
;  libera_produto[3] ; clock      ; 9.526 ; 9.577 ; Rise       ; clock           ;
;  libera_produto[4] ; clock      ; 9.838 ; 9.896 ; Rise       ; clock           ;
;  libera_produto[5] ; clock      ; 9.540 ; 9.593 ; Rise       ; clock           ;
;  libera_produto[6] ; clock      ; 9.836 ; 9.895 ; Rise       ; clock           ;
;  libera_produto[7] ; clock      ; 9.845 ; 9.917 ; Rise       ; clock           ;
; monitor_estado[*]  ; clock      ; 6.548 ; 6.551 ; Rise       ; clock           ;
;  monitor_estado[0] ; clock      ; 6.548 ; 6.551 ; Rise       ; clock           ;
;  monitor_estado[1] ; clock      ; 6.529 ; 6.531 ; Rise       ; clock           ;
;  monitor_estado[2] ; clock      ; 6.540 ; 6.545 ; Rise       ; clock           ;
; monitor_total[*]   ; clock      ; 6.794 ; 6.905 ; Rise       ; clock           ;
;  monitor_total[0]  ; clock      ; 5.264 ; 5.242 ; Rise       ; clock           ;
;  monitor_total[1]  ; clock      ; 5.969 ; 5.934 ; Rise       ; clock           ;
;  monitor_total[2]  ; clock      ; 5.748 ; 5.714 ; Rise       ; clock           ;
;  monitor_total[3]  ; clock      ; 5.228 ; 5.209 ; Rise       ; clock           ;
;  monitor_total[4]  ; clock      ; 5.237 ; 5.221 ; Rise       ; clock           ;
;  monitor_total[5]  ; clock      ; 6.794 ; 6.905 ; Rise       ; clock           ;
;  monitor_total[6]  ; clock      ; 5.483 ; 5.450 ; Rise       ; clock           ;
;  monitor_total[7]  ; clock      ; 5.847 ; 5.812 ; Rise       ; clock           ;
+--------------------+------------+-------+-------+------------+-----------------+


+--------------------------------------------------------------------------------+
; Minimum Clock to Output Times                                                  ;
+--------------------+------------+-------+-------+------------+-----------------+
; Data Port          ; Clock Port ; Rise  ; Fall  ; Clock Edge ; Clock Reference ;
+--------------------+------------+-------+-------+------------+-----------------+
; libera_moeda_troco ; clock      ; 5.555 ; 5.550 ; Rise       ; clock           ;
; libera_produto[*]  ; clock      ; 9.255 ; 9.303 ; Rise       ; clock           ;
;  libera_produto[0] ; clock      ; 9.561 ; 9.606 ; Rise       ; clock           ;
;  libera_produto[1] ; clock      ; 9.270 ; 9.321 ; Rise       ; clock           ;
;  libera_produto[2] ; clock      ; 9.557 ; 9.615 ; Rise       ; clock           ;
;  libera_produto[3] ; clock      ; 9.255 ; 9.303 ; Rise       ; clock           ;
;  libera_produto[4] ; clock      ; 9.556 ; 9.611 ; Rise       ; clock           ;
;  libera_produto[5] ; clock      ; 9.269 ; 9.319 ; Rise       ; clock           ;
;  libera_produto[6] ; clock      ; 9.553 ; 9.609 ; Rise       ; clock           ;
;  libera_produto[7] ; clock      ; 9.562 ; 9.631 ; Rise       ; clock           ;
; monitor_estado[*]  ; clock      ; 5.435 ; 5.424 ; Rise       ; clock           ;
;  monitor_estado[0] ; clock      ; 5.453 ; 5.437 ; Rise       ; clock           ;
;  monitor_estado[1] ; clock      ; 5.435 ; 5.424 ; Rise       ; clock           ;
;  monitor_estado[2] ; clock      ; 5.767 ; 5.743 ; Rise       ; clock           ;
; monitor_total[*]   ; clock      ; 5.123 ; 5.102 ; Rise       ; clock           ;
;  monitor_total[0]  ; clock      ; 5.158 ; 5.135 ; Rise       ; clock           ;
;  monitor_total[1]  ; clock      ; 5.834 ; 5.798 ; Rise       ; clock           ;
;  monitor_total[2]  ; clock      ; 5.622 ; 5.588 ; Rise       ; clock           ;
;  monitor_total[3]  ; clock      ; 5.123 ; 5.102 ; Rise       ; clock           ;
;  monitor_total[4]  ; clock      ; 5.133 ; 5.115 ; Rise       ; clock           ;
;  monitor_total[5]  ; clock      ; 6.677 ; 6.787 ; Rise       ; clock           ;
;  monitor_total[6]  ; clock      ; 5.368 ; 5.334 ; Rise       ; clock           ;
;  monitor_total[7]  ; clock      ; 5.718 ; 5.682 ; Rise       ; clock           ;
+--------------------+------------+-------+-------+------------+-----------------+


+------------------------------------------------------------------------+
; Propagation Delay                                                      ;
+--------------------+-------------------+-------+-------+-------+-------+
; Input Port         ; Output Port       ; RR    ; RF    ; FR    ; FF    ;
+--------------------+-------------------+-------+-------+-------+-------+
; seletor_produto[0] ; libera_produto[0] ;       ; 6.741 ; 7.189 ;       ;
; seletor_produto[0] ; libera_produto[1] ; 6.446 ;       ;       ; 6.867 ;
; seletor_produto[0] ; libera_produto[2] ;       ; 6.761 ; 7.214 ;       ;
; seletor_produto[0] ; libera_produto[3] ; 6.412 ;       ;       ; 6.870 ;
; seletor_produto[0] ; libera_produto[4] ;       ; 6.730 ; 7.185 ;       ;
; seletor_produto[0] ; libera_produto[5] ; 6.443 ;       ;       ; 6.858 ;
; seletor_produto[0] ; libera_produto[6] ;       ; 6.767 ; 7.207 ;       ;
; seletor_produto[0] ; libera_produto[7] ; 6.734 ;       ;       ; 7.210 ;
; seletor_produto[1] ; libera_produto[0] ;       ; 6.445 ; 6.877 ;       ;
; seletor_produto[1] ; libera_produto[1] ;       ; 6.161 ; 6.610 ;       ;
; seletor_produto[1] ; libera_produto[2] ; 6.446 ;       ;       ; 6.857 ;
; seletor_produto[1] ; libera_produto[3] ; 6.107 ;       ;       ; 6.557 ;
; seletor_produto[1] ; libera_produto[4] ;       ; 6.439 ; 6.867 ;       ;
; seletor_produto[1] ; libera_produto[5] ;       ; 6.165 ; 6.602 ;       ;
; seletor_produto[1] ; libera_produto[6] ; 6.444 ;       ;       ; 6.851 ;
; seletor_produto[1] ; libera_produto[7] ; 6.440 ;       ;       ; 6.896 ;
; seletor_produto[2] ; libera_produto[0] ;       ; 6.613 ; 7.028 ;       ;
; seletor_produto[2] ; libera_produto[1] ;       ; 6.314 ; 6.729 ;       ;
; seletor_produto[2] ; libera_produto[2] ;       ; 6.619 ; 7.030 ;       ;
; seletor_produto[2] ; libera_produto[3] ;       ; 6.298 ; 6.712 ;       ;
; seletor_produto[2] ; libera_produto[4] ; 6.626 ;       ;       ; 7.044 ;
; seletor_produto[2] ; libera_produto[5] ; 6.328 ;       ;       ; 6.740 ;
; seletor_produto[2] ; libera_produto[6] ; 6.628 ;       ;       ; 7.045 ;
; seletor_produto[2] ; libera_produto[7] ; 6.635 ;       ;       ; 7.063 ;
+--------------------+-------------------+-------+-------+-------+-------+


+------------------------------------------------------------------------+
; Minimum Propagation Delay                                              ;
+--------------------+-------------------+-------+-------+-------+-------+
; Input Port         ; Output Port       ; RR    ; RF    ; FR    ; FF    ;
+--------------------+-------------------+-------+-------+-------+-------+
; seletor_produto[0] ; libera_produto[0] ;       ; 6.585 ; 7.022 ;       ;
; seletor_produto[0] ; libera_produto[1] ; 6.302 ;       ;       ; 6.712 ;
; seletor_produto[0] ; libera_produto[2] ;       ; 6.605 ; 7.045 ;       ;
; seletor_produto[0] ; libera_produto[3] ; 6.269 ;       ;       ; 6.713 ;
; seletor_produto[0] ; libera_produto[4] ;       ; 6.577 ; 7.019 ;       ;
; seletor_produto[0] ; libera_produto[5] ; 6.300 ;       ;       ; 6.703 ;
; seletor_produto[0] ; libera_produto[6] ;       ; 6.610 ; 7.038 ;       ;
; seletor_produto[0] ; libera_produto[7] ; 6.580 ;       ;       ; 7.041 ;
; seletor_produto[1] ; libera_produto[0] ;       ; 6.300 ; 6.721 ;       ;
; seletor_produto[1] ; libera_produto[1] ;       ; 6.027 ; 6.464 ;       ;
; seletor_produto[1] ; libera_produto[2] ; 6.299 ;       ;       ; 6.701 ;
; seletor_produto[1] ; libera_produto[3] ; 5.976 ;       ;       ; 6.411 ;
; seletor_produto[1] ; libera_produto[4] ;       ; 6.294 ; 6.711 ;       ;
; seletor_produto[1] ; libera_produto[5] ;       ; 6.031 ; 6.457 ;       ;
; seletor_produto[1] ; libera_produto[6] ; 6.298 ;       ;       ; 6.694 ;
; seletor_produto[1] ; libera_produto[7] ; 6.296 ;       ;       ; 6.738 ;
; seletor_produto[2] ; libera_produto[0] ;       ; 6.462 ; 6.866 ;       ;
; seletor_produto[2] ; libera_produto[1] ;       ; 6.175 ; 6.578 ;       ;
; seletor_produto[2] ; libera_produto[2] ;       ; 6.468 ; 6.867 ;       ;
; seletor_produto[2] ; libera_produto[3] ;       ; 6.159 ; 6.561 ;       ;
; seletor_produto[2] ; libera_produto[4] ; 6.475 ;       ;       ; 6.882 ;
; seletor_produto[2] ; libera_produto[5] ; 6.188 ;       ;       ; 6.588 ;
; seletor_produto[2] ; libera_produto[6] ; 6.475 ;       ;       ; 6.881 ;
; seletor_produto[2] ; libera_produto[7] ; 6.483 ;       ;       ; 6.899 ;
+--------------------+-------------------+-------+-------+-------+-------+


----------------------------------------------
; Slow 1200mV 85C Model Metastability Report ;
----------------------------------------------
No synchronizer chains to report.


+-----------------------------------------------------------------------------------------------------------+
; Slow 1200mV 0C Model Fmax Summary                                                                         ;
+------------+-----------------+------------+---------------------------------------------------------------+
; Fmax       ; Restricted Fmax ; Clock Name ; Note                                                          ;
+------------+-----------------+------------+---------------------------------------------------------------+
; 346.86 MHz ; 250.0 MHz       ; clock      ; limit due to minimum period restriction (max I/O toggle rate) ;
+------------+-----------------+------------+---------------------------------------------------------------+
This panel reports FMAX for every clock in the design, regardless of the user-specified clock periods.  FMAX is only computed for paths where the source and destination registers or ports are driven by the same clock.  Paths of different clocks, including generated clocks, are ignored.  For paths between a clock and its inversion, FMAX is computed as if the rising and falling edges are scaled along with FMAX, such that the duty cycle (in terms of a percentage) is maintained. Altera recommends that you always use clock constraints and other slack reports for sign-off analysis.


+------------------------------------+
; Slow 1200mV 0C Model Setup Summary ;
+-------+--------+-------------------+
; Clock ; Slack  ; End Point TNS     ;
+-------+--------+-------------------+
; clock ; -1.883 ; -23.663           ;
+-------+--------+-------------------+


+-----------------------------------+
; Slow 1200mV 0C Model Hold Summary ;
+-------+-------+-------------------+
; Clock ; Slack ; End Point TNS     ;
+-------+-------+-------------------+
; clock ; 0.371 ; 0.000             ;
+-------+-------+-------------------+


-----------------------------------------
; Slow 1200mV 0C Model Recovery Summary ;
-----------------------------------------
No paths to report.


----------------------------------------
; Slow 1200mV 0C Model Removal Summary ;
----------------------------------------
No paths to report.


+--------------------------------------------------+
; Slow 1200mV 0C Model Minimum Pulse Width Summary ;
+-------+--------+---------------------------------+
; Clock ; Slack  ; End Point TNS                   ;
+-------+--------+---------------------------------+
; clock ; -3.000 ; -19.000                         ;
+-------+--------+---------------------------------+


+----------------------------------------------------------------------------------------------------------------------------------------------+
; Slow 1200mV 0C Model Setup: 'clock'                                                                                                          ;
+--------+----------------------------------+----------------------------+--------------+-------------+--------------+------------+------------+
; Slack  ; From Node                        ; To Node                    ; Launch Clock ; Latch Clock ; Relationship ; Clock Skew ; Data Delay ;
+--------+----------------------------------+----------------------------+--------------+-------------+--------------+------------+------------+
; -1.883 ; total_inserido[1]                ; total_inserido[4]          ; clock        ; clock       ; 1.000        ; -0.056     ; 2.822      ;
; -1.866 ; total_inserido[0]                ; total_inserido[1]          ; clock        ; clock       ; 1.000        ; -0.055     ; 2.806      ;
; -1.841 ; total_inserido[1]                ; total_inserido[6]          ; clock        ; clock       ; 1.000        ; -0.055     ; 2.781      ;
; -1.819 ; total_inserido[0]                ; total_inserido[4]          ; clock        ; clock       ; 1.000        ; -0.056     ; 2.758      ;
; -1.756 ; total_inserido[1]                ; total_inserido[2]          ; clock        ; clock       ; 1.000        ; -0.056     ; 2.695      ;
; -1.744 ; total_inserido[0]                ; total_inserido[6]          ; clock        ; clock       ; 1.000        ; -0.055     ; 2.684      ;
; -1.726 ; total_inserido[3]                ; total_inserido[6]          ; clock        ; clock       ; 1.000        ; -0.053     ; 2.668      ;
; -1.721 ; total_inserido[2]                ; total_inserido[3]          ; clock        ; clock       ; 1.000        ; -0.054     ; 2.662      ;
; -1.720 ; total_inserido[2]                ; total_inserido[6]          ; clock        ; clock       ; 1.000        ; -0.053     ; 2.662      ;
; -1.716 ; total_inserido[2]                ; total_inserido[5]          ; clock        ; clock       ; 1.000        ; -0.053     ; 2.658      ;
; -1.698 ; total_inserido[0]                ; total_inserido[5]          ; clock        ; clock       ; 1.000        ; -0.055     ; 2.638      ;
; -1.695 ; total_inserido[1]                ; total_inserido[5]          ; clock        ; clock       ; 1.000        ; -0.055     ; 2.635      ;
; -1.691 ; total_inserido[0]                ; total_inserido[2]          ; clock        ; clock       ; 1.000        ; -0.056     ; 2.630      ;
; -1.685 ; total_inserido[0]                ; total_inserido[3]          ; clock        ; clock       ; 1.000        ; -0.056     ; 2.624      ;
; -1.670 ; total_inserido[5]                ; total_inserido[6]          ; clock        ; clock       ; 1.000        ; -0.055     ; 2.610      ;
; -1.665 ; total_inserido[2]                ; total_inserido[4]          ; clock        ; clock       ; 1.000        ; -0.054     ; 2.606      ;
; -1.633 ; total_inserido[1]                ; total_inserido[3]          ; clock        ; clock       ; 1.000        ; -0.056     ; 2.572      ;
; -1.624 ; total_inserido[3]                ; total_inserido[5]          ; clock        ; clock       ; 1.000        ; -0.053     ; 2.566      ;
; -1.616 ; total_inserido[4]                ; total_inserido[6]          ; clock        ; clock       ; 1.000        ; -0.053     ; 2.558      ;
; -1.606 ; total_inserido[3]                ; total_inserido[4]          ; clock        ; clock       ; 1.000        ; -0.054     ; 2.547      ;
; -1.583 ; total_inserido[4]                ; total_inserido[5]          ; clock        ; clock       ; 1.000        ; -0.053     ; 2.525      ;
; -1.573 ; total_inserido[2]                ; total_inserido[7]          ; clock        ; clock       ; 1.000        ; 0.262      ; 2.830      ;
; -1.545 ; estado_atual_fsm.ESPERAR         ; total_inserido[4]          ; clock        ; clock       ; 1.000        ; -0.388     ; 2.152      ;
; -1.545 ; estado_atual_fsm.ESPERAR         ; total_inserido[2]          ; clock        ; clock       ; 1.000        ; -0.388     ; 2.152      ;
; -1.503 ; total_inserido[2]                ; total_inserido[2]          ; clock        ; clock       ; 1.000        ; -0.054     ; 2.444      ;
; -1.498 ; total_inserido[0]                ; estado_atual_fsm.SOMAR_25  ; clock        ; clock       ; 1.000        ; 0.265      ; 2.758      ;
; -1.497 ; total_inserido[0]                ; estado_atual_fsm.SOMAR_50  ; clock        ; clock       ; 1.000        ; 0.265      ; 2.757      ;
; -1.497 ; total_inserido[0]                ; total_inserido[7]          ; clock        ; clock       ; 1.000        ; 0.260      ; 2.752      ;
; -1.493 ; estado_atual_fsm.ESPERAR         ; total_inserido[3]          ; clock        ; clock       ; 1.000        ; -0.388     ; 2.100      ;
; -1.475 ; total_inserido[1]                ; total_inserido[1]          ; clock        ; clock       ; 1.000        ; -0.055     ; 2.415      ;
; -1.461 ; total_inserido[4]                ; total_inserido[7]          ; clock        ; clock       ; 1.000        ; 0.262      ; 2.718      ;
; -1.442 ; total_inserido[1]                ; total_inserido[7]          ; clock        ; clock       ; 1.000        ; 0.260      ; 2.697      ;
; -1.438 ; total_inserido[3]                ; total_inserido[7]          ; clock        ; clock       ; 1.000        ; 0.262      ; 2.695      ;
; -1.427 ; total_inserido[5]                ; estado_atual_fsm.DAR_TROCO ; clock        ; clock       ; 1.000        ; -0.053     ; 2.369      ;
; -1.427 ; total_inserido[5]                ; estado_atual_fsm.INICIO    ; clock        ; clock       ; 1.000        ; -0.053     ; 2.369      ;
; -1.424 ; total_inserido[0]                ; estado_atual_fsm.SOMAR_100 ; clock        ; clock       ; 1.000        ; 0.265      ; 2.684      ;
; -1.412 ; total_inserido[2]                ; estado_atual_fsm.SOMAR_25  ; clock        ; clock       ; 1.000        ; 0.267      ; 2.674      ;
; -1.411 ; total_inserido[2]                ; estado_atual_fsm.SOMAR_50  ; clock        ; clock       ; 1.000        ; 0.267      ; 2.673      ;
; -1.364 ; total_inserido[1]                ; estado_atual_fsm.SOMAR_25  ; clock        ; clock       ; 1.000        ; 0.265      ; 2.624      ;
; -1.363 ; total_inserido[1]                ; estado_atual_fsm.SOMAR_50  ; clock        ; clock       ; 1.000        ; 0.265      ; 2.623      ;
; -1.338 ; total_inserido[2]                ; estado_atual_fsm.SOMAR_100 ; clock        ; clock       ; 1.000        ; 0.267      ; 2.600      ;
; -1.333 ; total_inserido[6]                ; total_inserido[7]          ; clock        ; clock       ; 1.000        ; 0.260      ; 2.588      ;
; -1.304 ; total_inserido[5]                ; total_inserido[7]          ; clock        ; clock       ; 1.000        ; 0.260      ; 2.559      ;
; -1.300 ; estado_atual_fsm.ESPERAR         ; total_inserido[6]          ; clock        ; clock       ; 1.000        ; -0.387     ; 1.908      ;
; -1.300 ; estado_atual_fsm.ESPERAR         ; total_inserido[5]          ; clock        ; clock       ; 1.000        ; -0.387     ; 1.908      ;
; -1.295 ; total_inserido[7]                ; total_inserido[7]          ; clock        ; clock       ; 1.000        ; -0.068     ; 2.222      ;
; -1.287 ; estado_atual_fsm.ESPERAR         ; total_inserido[0]          ; clock        ; clock       ; 1.000        ; -0.387     ; 1.895      ;
; -1.287 ; total_inserido[4]                ; estado_atual_fsm.SOMAR_25  ; clock        ; clock       ; 1.000        ; 0.267      ; 2.549      ;
; -1.286 ; total_inserido[4]                ; estado_atual_fsm.SOMAR_50  ; clock        ; clock       ; 1.000        ; 0.267      ; 2.548      ;
; -1.280 ; total_inserido[3]                ; total_inserido[3]          ; clock        ; clock       ; 1.000        ; -0.054     ; 2.221      ;
; -1.271 ; total_inserido[6]                ; total_inserido[6]          ; clock        ; clock       ; 1.000        ; -0.055     ; 2.211      ;
; -1.270 ; estado_atual_fsm.SOMAR_50        ; total_inserido[0]          ; clock        ; clock       ; 1.000        ; -0.387     ; 1.878      ;
; -1.266 ; total_inserido[7]                ; estado_atual_fsm.DAR_TROCO ; clock        ; clock       ; 1.000        ; -0.381     ; 1.880      ;
; -1.266 ; total_inserido[7]                ; estado_atual_fsm.INICIO    ; clock        ; clock       ; 1.000        ; -0.381     ; 1.880      ;
; -1.263 ; total_inserido[1]                ; estado_atual_fsm.SOMAR_100 ; clock        ; clock       ; 1.000        ; 0.265      ; 2.523      ;
; -1.248 ; estado_atual_fsm.SOMAR_100       ; total_inserido[1]          ; clock        ; clock       ; 1.000        ; -0.387     ; 1.856      ;
; -1.247 ; total_inserido[4]                ; total_inserido[4]          ; clock        ; clock       ; 1.000        ; -0.054     ; 2.188      ;
; -1.237 ; total_inserido[3]                ; estado_atual_fsm.SOMAR_25  ; clock        ; clock       ; 1.000        ; 0.267      ; 2.499      ;
; -1.236 ; total_inserido[3]                ; estado_atual_fsm.SOMAR_50  ; clock        ; clock       ; 1.000        ; 0.267      ; 2.498      ;
; -1.218 ; total_inserido[0]                ; estado_atual_fsm.ESPERAR   ; clock        ; clock       ; 1.000        ; 0.265      ; 2.478      ;
; -1.215 ; total_inserido[5]                ; total_inserido[5]          ; clock        ; clock       ; 1.000        ; -0.055     ; 2.155      ;
; -1.213 ; total_inserido[6]                ; estado_atual_fsm.DAR_TROCO ; clock        ; clock       ; 1.000        ; -0.053     ; 2.155      ;
; -1.213 ; total_inserido[6]                ; estado_atual_fsm.INICIO    ; clock        ; clock       ; 1.000        ; -0.053     ; 2.155      ;
; -1.213 ; total_inserido[4]                ; estado_atual_fsm.SOMAR_100 ; clock        ; clock       ; 1.000        ; 0.267      ; 2.475      ;
; -1.195 ; estado_atual_fsm.FORNECER        ; total_inserido[2]          ; clock        ; clock       ; 1.000        ; -0.388     ; 1.802      ;
; -1.192 ; estado_atual_fsm.FORNECER        ; total_inserido[1]          ; clock        ; clock       ; 1.000        ; -0.387     ; 1.800      ;
; -1.191 ; total_inserido[6]                ; estado_atual_fsm.SOMAR_25  ; clock        ; clock       ; 1.000        ; 0.265      ; 2.451      ;
; -1.190 ; estado_atual_fsm.ESPERAR         ; total_inserido[7]          ; clock        ; clock       ; 1.000        ; -0.072     ; 2.113      ;
; -1.190 ; total_inserido[6]                ; estado_atual_fsm.SOMAR_50  ; clock        ; clock       ; 1.000        ; 0.265      ; 2.450      ;
; -1.176 ; estado_atual_fsm.ESPERAR         ; total_inserido[1]          ; clock        ; clock       ; 1.000        ; -0.387     ; 1.784      ;
; -1.167 ; estado_atual_fsm.SOMAR_25        ; total_inserido[3]          ; clock        ; clock       ; 1.000        ; -0.388     ; 1.774      ;
; -1.162 ; estado_atual_fsm.FORNECER        ; total_inserido[7]          ; clock        ; clock       ; 1.000        ; -0.072     ; 2.085      ;
; -1.146 ; total_inserido[3]                ; estado_atual_fsm.SOMAR_100 ; clock        ; clock       ; 1.000        ; 0.267      ; 2.408      ;
; -1.132 ; total_inserido[2]                ; estado_atual_fsm.ESPERAR   ; clock        ; clock       ; 1.000        ; 0.267      ; 2.394      ;
; -1.128 ; total_inserido[5]                ; estado_atual_fsm.SOMAR_25  ; clock        ; clock       ; 1.000        ; 0.265      ; 2.388      ;
; -1.127 ; total_inserido[5]                ; estado_atual_fsm.SOMAR_50  ; clock        ; clock       ; 1.000        ; 0.265      ; 2.387      ;
; -1.117 ; total_inserido[6]                ; estado_atual_fsm.SOMAR_100 ; clock        ; clock       ; 1.000        ; 0.265      ; 2.377      ;
; -1.116 ; total_inserido[0]                ; estado_atual_fsm.FORNECER  ; clock        ; clock       ; 1.000        ; 0.265      ; 2.376      ;
; -1.097 ; total_inserido[1]                ; estado_atual_fsm.ESPERAR   ; clock        ; clock       ; 1.000        ; 0.265      ; 2.357      ;
; -1.064 ; total_inserido[0]                ; total_inserido[0]          ; clock        ; clock       ; 1.000        ; -0.055     ; 2.004      ;
; -1.052 ; estado_atual_fsm.FORNECER        ; total_inserido[4]          ; clock        ; clock       ; 1.000        ; -0.388     ; 1.659      ;
; -1.041 ; estado_atual_fsm.DAR_TROCO       ; total_inserido[4]          ; clock        ; clock       ; 1.000        ; -0.057     ; 1.979      ;
; -1.033 ; estado_atual_fsm.SOMAR_50        ; total_inserido[3]          ; clock        ; clock       ; 1.000        ; -0.388     ; 1.640      ;
; -1.030 ; total_inserido[2]                ; estado_atual_fsm.FORNECER  ; clock        ; clock       ; 1.000        ; 0.267      ; 2.292      ;
; -1.027 ; estado_atual_fsm.SOMAR_25        ; total_inserido[6]          ; clock        ; clock       ; 1.000        ; -0.387     ; 1.635      ;
; -1.025 ; estado_atual_fsm.SOMAR_25        ; total_inserido[5]          ; clock        ; clock       ; 1.000        ; -0.387     ; 1.633      ;
; -1.022 ; estado_atual_fsm.SOMAR_100       ; total_inserido[0]          ; clock        ; clock       ; 1.000        ; -0.387     ; 1.630      ;
; -1.010 ; total_inserido[5]                ; estado_atual_fsm.SOMAR_100 ; clock        ; clock       ; 1.000        ; 0.265      ; 2.270      ;
; -1.007 ; total_inserido[4]                ; estado_atual_fsm.ESPERAR   ; clock        ; clock       ; 1.000        ; 0.267      ; 2.269      ;
; -1.004 ; estado_atual_fsm.VERIFICAR_TROCO ; total_inserido[4]          ; clock        ; clock       ; 1.000        ; -0.057     ; 1.942      ;
; -1.004 ; estado_atual_fsm.VERIFICAR_TROCO ; total_inserido[2]          ; clock        ; clock       ; 1.000        ; -0.057     ; 1.942      ;
; -0.996 ; estado_atual_fsm.SOMAR_50        ; total_inserido[6]          ; clock        ; clock       ; 1.000        ; -0.387     ; 1.604      ;
; -0.995 ; estado_atual_fsm.SOMAR_50        ; total_inserido[5]          ; clock        ; clock       ; 1.000        ; -0.387     ; 1.603      ;
; -0.980 ; estado_atual_fsm.DAR_TROCO       ; total_inserido[1]          ; clock        ; clock       ; 1.000        ; -0.056     ; 1.919      ;
; -0.970 ; total_inserido[3]                ; estado_atual_fsm.ESPERAR   ; clock        ; clock       ; 1.000        ; 0.267      ; 2.232      ;
; -0.963 ; estado_atual_fsm.SOMAR_25        ; total_inserido[2]          ; clock        ; clock       ; 1.000        ; -0.388     ; 1.570      ;
; -0.961 ; estado_atual_fsm.SOMAR_25        ; total_inserido[4]          ; clock        ; clock       ; 1.000        ; -0.388     ; 1.568      ;
; -0.959 ; estado_atual_fsm.FORNECER        ; total_inserido[5]          ; clock        ; clock       ; 1.000        ; -0.387     ; 1.567      ;
; -0.955 ; total_inserido[1]                ; estado_atual_fsm.FORNECER  ; clock        ; clock       ; 1.000        ; 0.265      ; 2.215      ;
; -0.952 ; estado_atual_fsm.VERIFICAR_TROCO ; total_inserido[3]          ; clock        ; clock       ; 1.000        ; -0.057     ; 1.890      ;
+--------+----------------------------------+----------------------------+--------------+-------------+--------------+------------+------------+


+---------------------------------------------------------------------------------------------------------------------------------------------------+
; Slow 1200mV 0C Model Hold: 'clock'                                                                                                                ;
+-------+----------------------------------+----------------------------------+--------------+-------------+--------------+------------+------------+
; Slack ; From Node                        ; To Node                          ; Launch Clock ; Latch Clock ; Relationship ; Clock Skew ; Data Delay ;
+-------+----------------------------------+----------------------------------+--------------+-------------+--------------+------------+------------+
; 0.371 ; estado_atual_fsm.DAR_TROCO       ; estado_atual_fsm.VERIFICAR_TROCO ; clock        ; clock       ; 0.000        ; 0.054      ; 0.569      ;
; 0.397 ; estado_atual_fsm.INICIO          ; estado_atual_fsm.ESPERAR         ; clock        ; clock       ; 0.000        ; 0.385      ; 0.926      ;
; 0.532 ; estado_atual_fsm.ESPERAR         ; estado_atual_fsm.FORNECER        ; clock        ; clock       ; 0.000        ; 0.067      ; 0.743      ;
; 0.536 ; estado_atual_fsm.VERIFICAR_TROCO ; estado_atual_fsm.DAR_TROCO       ; clock        ; clock       ; 0.000        ; 0.054      ; 0.734      ;
; 0.573 ; estado_atual_fsm.VERIFICAR_TROCO ; estado_atual_fsm.INICIO          ; clock        ; clock       ; 0.000        ; 0.054      ; 0.771      ;
; 0.576 ; estado_atual_fsm.ESPERAR         ; estado_atual_fsm.SOMAR_50        ; clock        ; clock       ; 0.000        ; 0.067      ; 0.787      ;
; 0.576 ; estado_atual_fsm.ESPERAR         ; estado_atual_fsm.SOMAR_25        ; clock        ; clock       ; 0.000        ; 0.067      ; 0.787      ;
; 0.692 ; estado_atual_fsm.ESPERAR         ; estado_atual_fsm.SOMAR_100       ; clock        ; clock       ; 0.000        ; 0.067      ; 0.903      ;
; 0.694 ; total_inserido[3]                ; estado_atual_fsm.DAR_TROCO       ; clock        ; clock       ; 0.000        ; 0.057      ; 0.895      ;
; 0.694 ; total_inserido[3]                ; estado_atual_fsm.INICIO          ; clock        ; clock       ; 0.000        ; 0.057      ; 0.895      ;
; 0.790 ; estado_atual_fsm.DAR_TROCO       ; total_inserido[7]                ; clock        ; clock       ; 0.000        ; 0.381      ; 1.315      ;
; 1.025 ; estado_atual_fsm.SOMAR_100       ; estado_atual_fsm.ESPERAR         ; clock        ; clock       ; 0.000        ; 0.067      ; 1.236      ;
; 1.036 ; total_inserido[0]                ; total_inserido[0]                ; clock        ; clock       ; 0.000        ; 0.055      ; 1.235      ;
; 1.062 ; total_inserido[1]                ; total_inserido[1]                ; clock        ; clock       ; 0.000        ; 0.055      ; 1.261      ;
; 1.067 ; total_inserido[2]                ; total_inserido[2]                ; clock        ; clock       ; 0.000        ; 0.054      ; 1.265      ;
; 1.069 ; estado_atual_fsm.FORNECER        ; estado_atual_fsm.VERIFICAR_TROCO ; clock        ; clock       ; 0.000        ; -0.264     ; 0.949      ;
; 1.096 ; total_inserido[7]                ; estado_atual_fsm.FORNECER        ; clock        ; clock       ; 0.000        ; 0.072      ; 1.312      ;
; 1.103 ; estado_atual_fsm.DAR_TROCO       ; total_inserido[6]                ; clock        ; clock       ; 0.000        ; 0.053      ; 1.300      ;
; 1.131 ; estado_atual_fsm.ESPERAR         ; estado_atual_fsm.ESPERAR         ; clock        ; clock       ; 0.000        ; 0.067      ; 1.342      ;
; 1.179 ; total_inserido[5]                ; estado_atual_fsm.FORNECER        ; clock        ; clock       ; 0.000        ; 0.387      ; 1.710      ;
; 1.207 ; total_inserido[4]                ; total_inserido[4]                ; clock        ; clock       ; 0.000        ; 0.054      ; 1.405      ;
; 1.208 ; total_inserido[6]                ; estado_atual_fsm.FORNECER        ; clock        ; clock       ; 0.000        ; 0.387      ; 1.739      ;
; 1.216 ; total_inserido[7]                ; estado_atual_fsm.ESPERAR         ; clock        ; clock       ; 0.000        ; 0.072      ; 1.432      ;
; 1.224 ; estado_atual_fsm.SOMAR_25        ; estado_atual_fsm.ESPERAR         ; clock        ; clock       ; 0.000        ; 0.067      ; 1.435      ;
; 1.231 ; estado_atual_fsm.SOMAR_100       ; total_inserido[6]                ; clock        ; clock       ; 0.000        ; -0.265     ; 1.110      ;
; 1.236 ; estado_atual_fsm.SOMAR_100       ; total_inserido[3]                ; clock        ; clock       ; 0.000        ; -0.267     ; 1.113      ;
; 1.242 ; estado_atual_fsm.SOMAR_25        ; total_inserido[0]                ; clock        ; clock       ; 0.000        ; -0.265     ; 1.121      ;
; 1.244 ; estado_atual_fsm.SOMAR_100       ; total_inserido[5]                ; clock        ; clock       ; 0.000        ; -0.265     ; 1.123      ;
; 1.249 ; estado_atual_fsm.SOMAR_100       ; total_inserido[7]                ; clock        ; clock       ; 0.000        ; 0.063      ; 1.456      ;
; 1.249 ; estado_atual_fsm.DAR_TROCO       ; total_inserido[2]                ; clock        ; clock       ; 0.000        ; 0.051      ; 1.444      ;
; 1.260 ; estado_atual_fsm.SOMAR_100       ; total_inserido[4]                ; clock        ; clock       ; 0.000        ; -0.267     ; 1.137      ;
; 1.261 ; estado_atual_fsm.SOMAR_100       ; total_inserido[2]                ; clock        ; clock       ; 0.000        ; -0.267     ; 1.138      ;
; 1.263 ; total_inserido[6]                ; total_inserido[6]                ; clock        ; clock       ; 0.000        ; 0.055      ; 1.462      ;
; 1.269 ; estado_atual_fsm.SOMAR_50        ; estado_atual_fsm.ESPERAR         ; clock        ; clock       ; 0.000        ; 0.067      ; 1.480      ;
; 1.271 ; estado_atual_fsm.DAR_TROCO       ; total_inserido[5]                ; clock        ; clock       ; 0.000        ; 0.053      ; 1.468      ;
; 1.272 ; estado_atual_fsm.VERIFICAR_TROCO ; total_inserido[7]                ; clock        ; clock       ; 0.000        ; 0.381      ; 1.797      ;
; 1.277 ; estado_atual_fsm.DAR_TROCO       ; total_inserido[0]                ; clock        ; clock       ; 0.000        ; 0.053      ; 1.474      ;
; 1.278 ; total_inserido[4]                ; estado_atual_fsm.FORNECER        ; clock        ; clock       ; 0.000        ; 0.388      ; 1.810      ;
; 1.281 ; total_inserido[3]                ; total_inserido[3]                ; clock        ; clock       ; 0.000        ; 0.054      ; 1.479      ;
; 1.281 ; estado_atual_fsm.SOMAR_50        ; total_inserido[7]                ; clock        ; clock       ; 0.000        ; 0.063      ; 1.488      ;
; 1.284 ; total_inserido[3]                ; estado_atual_fsm.FORNECER        ; clock        ; clock       ; 0.000        ; 0.388      ; 1.816      ;
; 1.299 ; total_inserido[5]                ; total_inserido[5]                ; clock        ; clock       ; 0.000        ; 0.055      ; 1.498      ;
; 1.311 ; total_inserido[0]                ; total_inserido[1]                ; clock        ; clock       ; 0.000        ; 0.055      ; 1.510      ;
; 1.312 ; total_inserido[5]                ; estado_atual_fsm.ESPERAR         ; clock        ; clock       ; 0.000        ; 0.387      ; 1.843      ;
; 1.314 ; total_inserido[7]                ; total_inserido[7]                ; clock        ; clock       ; 0.000        ; 0.068      ; 1.526      ;
; 1.328 ; total_inserido[6]                ; estado_atual_fsm.ESPERAR         ; clock        ; clock       ; 0.000        ; 0.387      ; 1.859      ;
; 1.343 ; total_inserido[4]                ; estado_atual_fsm.INICIO          ; clock        ; clock       ; 0.000        ; 0.057      ; 1.544      ;
; 1.344 ; total_inserido[4]                ; estado_atual_fsm.DAR_TROCO       ; clock        ; clock       ; 0.000        ; 0.057      ; 1.545      ;
; 1.354 ; estado_atual_fsm.SOMAR_25        ; total_inserido[7]                ; clock        ; clock       ; 0.000        ; 0.063      ; 1.561      ;
; 1.364 ; total_inserido[6]                ; total_inserido[7]                ; clock        ; clock       ; 0.000        ; 0.383      ; 1.891      ;
; 1.365 ; total_inserido[7]                ; estado_atual_fsm.SOMAR_50        ; clock        ; clock       ; 0.000        ; 0.072      ; 1.581      ;
; 1.366 ; total_inserido[7]                ; estado_atual_fsm.SOMAR_25        ; clock        ; clock       ; 0.000        ; 0.072      ; 1.582      ;
; 1.367 ; total_inserido[7]                ; estado_atual_fsm.SOMAR_100       ; clock        ; clock       ; 0.000        ; 0.072      ; 1.583      ;
; 1.374 ; total_inserido[0]                ; estado_atual_fsm.INICIO          ; clock        ; clock       ; 0.000        ; 0.056      ; 1.574      ;
; 1.375 ; total_inserido[0]                ; estado_atual_fsm.DAR_TROCO       ; clock        ; clock       ; 0.000        ; 0.056      ; 1.575      ;
; 1.376 ; estado_atual_fsm.VERIFICAR_TROCO ; total_inserido[0]                ; clock        ; clock       ; 0.000        ; 0.053      ; 1.573      ;
; 1.379 ; total_inserido[4]                ; total_inserido[7]                ; clock        ; clock       ; 0.000        ; 0.384      ; 1.907      ;
; 1.393 ; estado_atual_fsm.VERIFICAR_TROCO ; total_inserido[1]                ; clock        ; clock       ; 0.000        ; 0.053      ; 1.590      ;
; 1.397 ; total_inserido[1]                ; estado_atual_fsm.INICIO          ; clock        ; clock       ; 0.000        ; 0.056      ; 1.597      ;
; 1.398 ; total_inserido[1]                ; estado_atual_fsm.DAR_TROCO       ; clock        ; clock       ; 0.000        ; 0.056      ; 1.598      ;
; 1.406 ; total_inserido[1]                ; estado_atual_fsm.FORNECER        ; clock        ; clock       ; 0.000        ; 0.387      ; 1.937      ;
; 1.411 ; total_inserido[4]                ; estado_atual_fsm.ESPERAR         ; clock        ; clock       ; 0.000        ; 0.388      ; 1.943      ;
; 1.417 ; total_inserido[3]                ; estado_atual_fsm.ESPERAR         ; clock        ; clock       ; 0.000        ; 0.388      ; 1.949      ;
; 1.418 ; total_inserido[2]                ; estado_atual_fsm.FORNECER        ; clock        ; clock       ; 0.000        ; 0.388      ; 1.950      ;
; 1.429 ; estado_atual_fsm.VERIFICAR_TROCO ; total_inserido[6]                ; clock        ; clock       ; 0.000        ; 0.053      ; 1.626      ;
; 1.429 ; estado_atual_fsm.VERIFICAR_TROCO ; total_inserido[5]                ; clock        ; clock       ; 0.000        ; 0.053      ; 1.626      ;
; 1.434 ; total_inserido[5]                ; total_inserido[7]                ; clock        ; clock       ; 0.000        ; 0.383      ; 1.961      ;
; 1.445 ; estado_atual_fsm.DAR_TROCO       ; total_inserido[3]                ; clock        ; clock       ; 0.000        ; 0.051      ; 1.640      ;
; 1.448 ; total_inserido[5]                ; estado_atual_fsm.SOMAR_50        ; clock        ; clock       ; 0.000        ; 0.387      ; 1.979      ;
; 1.449 ; total_inserido[5]                ; estado_atual_fsm.SOMAR_25        ; clock        ; clock       ; 0.000        ; 0.387      ; 1.980      ;
; 1.450 ; total_inserido[5]                ; estado_atual_fsm.SOMAR_100       ; clock        ; clock       ; 0.000        ; 0.387      ; 1.981      ;
; 1.459 ; estado_atual_fsm.SOMAR_25        ; total_inserido[1]                ; clock        ; clock       ; 0.000        ; -0.265     ; 1.338      ;
; 1.461 ; total_inserido[3]                ; total_inserido[7]                ; clock        ; clock       ; 0.000        ; 0.384      ; 1.989      ;
; 1.462 ; estado_atual_fsm.FORNECER        ; total_inserido[6]                ; clock        ; clock       ; 0.000        ; -0.265     ; 1.341      ;
; 1.467 ; total_inserido[2]                ; estado_atual_fsm.INICIO          ; clock        ; clock       ; 0.000        ; 0.057      ; 1.668      ;
; 1.468 ; total_inserido[2]                ; estado_atual_fsm.DAR_TROCO       ; clock        ; clock       ; 0.000        ; 0.057      ; 1.669      ;
; 1.477 ; total_inserido[6]                ; estado_atual_fsm.SOMAR_50        ; clock        ; clock       ; 0.000        ; 0.387      ; 2.008      ;
; 1.478 ; total_inserido[6]                ; estado_atual_fsm.SOMAR_25        ; clock        ; clock       ; 0.000        ; 0.387      ; 2.009      ;
; 1.479 ; total_inserido[6]                ; estado_atual_fsm.SOMAR_100       ; clock        ; clock       ; 0.000        ; 0.387      ; 2.010      ;
; 1.490 ; total_inserido[2]                ; total_inserido[7]                ; clock        ; clock       ; 0.000        ; 0.384      ; 2.018      ;
; 1.494 ; total_inserido[0]                ; estado_atual_fsm.FORNECER        ; clock        ; clock       ; 0.000        ; 0.387      ; 2.025      ;
; 1.500 ; estado_atual_fsm.SOMAR_50        ; total_inserido[1]                ; clock        ; clock       ; 0.000        ; -0.265     ; 1.379      ;
; 1.502 ; estado_atual_fsm.SOMAR_50        ; total_inserido[2]                ; clock        ; clock       ; 0.000        ; -0.267     ; 1.379      ;
; 1.502 ; estado_atual_fsm.FORNECER        ; total_inserido[0]                ; clock        ; clock       ; 0.000        ; -0.265     ; 1.381      ;
; 1.503 ; estado_atual_fsm.SOMAR_50        ; total_inserido[4]                ; clock        ; clock       ; 0.000        ; -0.267     ; 1.380      ;
; 1.504 ; estado_atual_fsm.FORNECER        ; total_inserido[3]                ; clock        ; clock       ; 0.000        ; -0.267     ; 1.381      ;
; 1.528 ; total_inserido[2]                ; total_inserido[3]                ; clock        ; clock       ; 0.000        ; 0.054      ; 1.726      ;
; 1.530 ; total_inserido[5]                ; total_inserido[6]                ; clock        ; clock       ; 0.000        ; 0.055      ; 1.729      ;
; 1.539 ; total_inserido[1]                ; estado_atual_fsm.ESPERAR         ; clock        ; clock       ; 0.000        ; 0.387      ; 2.070      ;
; 1.541 ; total_inserido[2]                ; estado_atual_fsm.ESPERAR         ; clock        ; clock       ; 0.000        ; 0.388      ; 2.073      ;
; 1.547 ; total_inserido[4]                ; estado_atual_fsm.SOMAR_50        ; clock        ; clock       ; 0.000        ; 0.388      ; 2.079      ;
; 1.548 ; estado_atual_fsm.DAR_TROCO       ; total_inserido[1]                ; clock        ; clock       ; 0.000        ; 0.053      ; 1.745      ;
; 1.548 ; total_inserido[4]                ; estado_atual_fsm.SOMAR_25        ; clock        ; clock       ; 0.000        ; 0.388      ; 2.080      ;
; 1.549 ; total_inserido[4]                ; estado_atual_fsm.SOMAR_100       ; clock        ; clock       ; 0.000        ; 0.388      ; 2.081      ;
; 1.553 ; total_inserido[3]                ; estado_atual_fsm.SOMAR_50        ; clock        ; clock       ; 0.000        ; 0.388      ; 2.085      ;
; 1.554 ; total_inserido[3]                ; estado_atual_fsm.SOMAR_25        ; clock        ; clock       ; 0.000        ; 0.388      ; 2.086      ;
; 1.555 ; total_inserido[3]                ; estado_atual_fsm.SOMAR_100       ; clock        ; clock       ; 0.000        ; 0.388      ; 2.087      ;
; 1.560 ; total_inserido[2]                ; total_inserido[4]                ; clock        ; clock       ; 0.000        ; 0.054      ; 1.758      ;
; 1.563 ; estado_atual_fsm.FORNECER        ; total_inserido[5]                ; clock        ; clock       ; 0.000        ; -0.265     ; 1.442      ;
; 1.571 ; estado_atual_fsm.VERIFICAR_TROCO ; total_inserido[3]                ; clock        ; clock       ; 0.000        ; 0.051      ; 1.766      ;
+-------+----------------------------------+----------------------------------+--------------+-------------+--------------+------------+------------+


+-----------------------------------------------------------------------------------------------------------------------+
; Slow 1200mV 0C Model Minimum Pulse Width: 'clock'                                                                     ;
+--------+--------------+----------------+------------------+-------+------------+--------------------------------------+
; Slack  ; Actual Width ; Required Width ; Type             ; Clock ; Clock Edge ; Target                               ;
+--------+--------------+----------------+------------------+-------+------------+--------------------------------------+
; -3.000 ; 1.000        ; 4.000          ; Port Rate        ; clock ; Rise       ; clock                                ;
; -1.000 ; 1.000        ; 2.000          ; Min Period       ; clock ; Rise       ; estado_atual_fsm.DAR_TROCO           ;
; -1.000 ; 1.000        ; 2.000          ; Min Period       ; clock ; Rise       ; estado_atual_fsm.ESPERAR             ;
; -1.000 ; 1.000        ; 2.000          ; Min Period       ; clock ; Rise       ; estado_atual_fsm.FORNECER            ;
; -1.000 ; 1.000        ; 2.000          ; Min Period       ; clock ; Rise       ; estado_atual_fsm.INICIO              ;
; -1.000 ; 1.000        ; 2.000          ; Min Period       ; clock ; Rise       ; estado_atual_fsm.SOMAR_100           ;
; -1.000 ; 1.000        ; 2.000          ; Min Period       ; clock ; Rise       ; estado_atual_fsm.SOMAR_25            ;
; -1.000 ; 1.000        ; 2.000          ; Min Period       ; clock ; Rise       ; estado_atual_fsm.SOMAR_50            ;
; -1.000 ; 1.000        ; 2.000          ; Min Period       ; clock ; Rise       ; estado_atual_fsm.VERIFICAR_TROCO     ;
; -1.000 ; 1.000        ; 2.000          ; Min Period       ; clock ; Rise       ; total_inserido[0]                    ;
; -1.000 ; 1.000        ; 2.000          ; Min Period       ; clock ; Rise       ; total_inserido[1]                    ;
; -1.000 ; 1.000        ; 2.000          ; Min Period       ; clock ; Rise       ; total_inserido[2]                    ;
; -1.000 ; 1.000        ; 2.000          ; Min Period       ; clock ; Rise       ; total_inserido[3]                    ;
; -1.000 ; 1.000        ; 2.000          ; Min Period       ; clock ; Rise       ; total_inserido[4]                    ;
; -1.000 ; 1.000        ; 2.000          ; Min Period       ; clock ; Rise       ; total_inserido[5]                    ;
; -1.000 ; 1.000        ; 2.000          ; Min Period       ; clock ; Rise       ; total_inserido[6]                    ;
; -1.000 ; 1.000        ; 2.000          ; Min Period       ; clock ; Rise       ; total_inserido[7]                    ;
; 0.175  ; 0.359        ; 0.184          ; Low Pulse Width  ; clock ; Rise       ; estado_atual_fsm.ESPERAR             ;
; 0.175  ; 0.359        ; 0.184          ; Low Pulse Width  ; clock ; Rise       ; estado_atual_fsm.FORNECER            ;
; 0.175  ; 0.359        ; 0.184          ; Low Pulse Width  ; clock ; Rise       ; estado_atual_fsm.SOMAR_100           ;
; 0.175  ; 0.359        ; 0.184          ; Low Pulse Width  ; clock ; Rise       ; estado_atual_fsm.SOMAR_25            ;
; 0.175  ; 0.359        ; 0.184          ; Low Pulse Width  ; clock ; Rise       ; estado_atual_fsm.SOMAR_50            ;
; 0.181  ; 0.365        ; 0.184          ; Low Pulse Width  ; clock ; Rise       ; estado_atual_fsm.DAR_TROCO           ;
; 0.181  ; 0.365        ; 0.184          ; Low Pulse Width  ; clock ; Rise       ; estado_atual_fsm.INICIO              ;
; 0.181  ; 0.365        ; 0.184          ; Low Pulse Width  ; clock ; Rise       ; estado_atual_fsm.VERIFICAR_TROCO     ;
; 0.181  ; 0.365        ; 0.184          ; Low Pulse Width  ; clock ; Rise       ; total_inserido[0]                    ;
; 0.181  ; 0.365        ; 0.184          ; Low Pulse Width  ; clock ; Rise       ; total_inserido[1]                    ;
; 0.181  ; 0.365        ; 0.184          ; Low Pulse Width  ; clock ; Rise       ; total_inserido[2]                    ;
; 0.181  ; 0.365        ; 0.184          ; Low Pulse Width  ; clock ; Rise       ; total_inserido[3]                    ;
; 0.181  ; 0.365        ; 0.184          ; Low Pulse Width  ; clock ; Rise       ; total_inserido[4]                    ;
; 0.181  ; 0.365        ; 0.184          ; Low Pulse Width  ; clock ; Rise       ; total_inserido[5]                    ;
; 0.181  ; 0.365        ; 0.184          ; Low Pulse Width  ; clock ; Rise       ; total_inserido[6]                    ;
; 0.181  ; 0.365        ; 0.184          ; Low Pulse Width  ; clock ; Rise       ; total_inserido[7]                    ;
; 0.335  ; 0.335        ; 0.000          ; Low Pulse Width  ; clock ; Rise       ; estado_atual_fsm.ESPERAR|clk         ;
; 0.335  ; 0.335        ; 0.000          ; Low Pulse Width  ; clock ; Rise       ; estado_atual_fsm.FORNECER|clk        ;
; 0.335  ; 0.335        ; 0.000          ; Low Pulse Width  ; clock ; Rise       ; estado_atual_fsm.SOMAR_100|clk       ;
; 0.335  ; 0.335        ; 0.000          ; Low Pulse Width  ; clock ; Rise       ; estado_atual_fsm.SOMAR_25|clk        ;
; 0.335  ; 0.335        ; 0.000          ; Low Pulse Width  ; clock ; Rise       ; estado_atual_fsm.SOMAR_50|clk        ;
; 0.339  ; 0.339        ; 0.000          ; Low Pulse Width  ; clock ; Rise       ; clock~input|o                        ;
; 0.341  ; 0.341        ; 0.000          ; Low Pulse Width  ; clock ; Rise       ; estado_atual_fsm.DAR_TROCO|clk       ;
; 0.341  ; 0.341        ; 0.000          ; Low Pulse Width  ; clock ; Rise       ; estado_atual_fsm.INICIO|clk          ;
; 0.341  ; 0.341        ; 0.000          ; Low Pulse Width  ; clock ; Rise       ; estado_atual_fsm.VERIFICAR_TROCO|clk ;
; 0.341  ; 0.341        ; 0.000          ; Low Pulse Width  ; clock ; Rise       ; total_inserido[0]|clk                ;
; 0.341  ; 0.341        ; 0.000          ; Low Pulse Width  ; clock ; Rise       ; total_inserido[1]|clk                ;
; 0.341  ; 0.341        ; 0.000          ; Low Pulse Width  ; clock ; Rise       ; total_inserido[2]|clk                ;
; 0.341  ; 0.341        ; 0.000          ; Low Pulse Width  ; clock ; Rise       ; total_inserido[3]|clk                ;
; 0.341  ; 0.341        ; 0.000          ; Low Pulse Width  ; clock ; Rise       ; total_inserido[4]|clk                ;
; 0.341  ; 0.341        ; 0.000          ; Low Pulse Width  ; clock ; Rise       ; total_inserido[5]|clk                ;
; 0.341  ; 0.341        ; 0.000          ; Low Pulse Width  ; clock ; Rise       ; total_inserido[6]|clk                ;
; 0.341  ; 0.341        ; 0.000          ; Low Pulse Width  ; clock ; Rise       ; total_inserido[7]|clk                ;
; 0.348  ; 0.348        ; 0.000          ; Low Pulse Width  ; clock ; Rise       ; clock~inputclkctrl|inclk[0]          ;
; 0.348  ; 0.348        ; 0.000          ; Low Pulse Width  ; clock ; Rise       ; clock~inputclkctrl|outclk            ;
; 0.417  ; 0.633        ; 0.216          ; High Pulse Width ; clock ; Rise       ; total_inserido[7]                    ;
; 0.418  ; 0.634        ; 0.216          ; High Pulse Width ; clock ; Rise       ; total_inserido[0]                    ;
; 0.418  ; 0.634        ; 0.216          ; High Pulse Width ; clock ; Rise       ; total_inserido[1]                    ;
; 0.418  ; 0.634        ; 0.216          ; High Pulse Width ; clock ; Rise       ; total_inserido[2]                    ;
; 0.418  ; 0.634        ; 0.216          ; High Pulse Width ; clock ; Rise       ; total_inserido[4]                    ;
; 0.418  ; 0.634        ; 0.216          ; High Pulse Width ; clock ; Rise       ; total_inserido[5]                    ;
; 0.418  ; 0.634        ; 0.216          ; High Pulse Width ; clock ; Rise       ; total_inserido[6]                    ;
; 0.419  ; 0.635        ; 0.216          ; High Pulse Width ; clock ; Rise       ; estado_atual_fsm.DAR_TROCO           ;
; 0.419  ; 0.635        ; 0.216          ; High Pulse Width ; clock ; Rise       ; estado_atual_fsm.INICIO              ;
; 0.419  ; 0.635        ; 0.216          ; High Pulse Width ; clock ; Rise       ; estado_atual_fsm.VERIFICAR_TROCO     ;
; 0.419  ; 0.635        ; 0.216          ; High Pulse Width ; clock ; Rise       ; total_inserido[3]                    ;
; 0.425  ; 0.641        ; 0.216          ; High Pulse Width ; clock ; Rise       ; estado_atual_fsm.ESPERAR             ;
; 0.425  ; 0.641        ; 0.216          ; High Pulse Width ; clock ; Rise       ; estado_atual_fsm.FORNECER            ;
; 0.425  ; 0.641        ; 0.216          ; High Pulse Width ; clock ; Rise       ; estado_atual_fsm.SOMAR_100           ;
; 0.425  ; 0.641        ; 0.216          ; High Pulse Width ; clock ; Rise       ; estado_atual_fsm.SOMAR_25            ;
; 0.425  ; 0.641        ; 0.216          ; High Pulse Width ; clock ; Rise       ; estado_atual_fsm.SOMAR_50            ;
; 0.500  ; 0.500        ; 0.000          ; High Pulse Width ; clock ; Rise       ; clock~input|i                        ;
; 0.500  ; 0.500        ; 0.000          ; Low Pulse Width  ; clock ; Rise       ; clock~input|i                        ;
; 0.651  ; 0.651        ; 0.000          ; High Pulse Width ; clock ; Rise       ; clock~inputclkctrl|inclk[0]          ;
; 0.651  ; 0.651        ; 0.000          ; High Pulse Width ; clock ; Rise       ; clock~inputclkctrl|outclk            ;
; 0.657  ; 0.657        ; 0.000          ; High Pulse Width ; clock ; Rise       ; total_inserido[7]|clk                ;
; 0.658  ; 0.658        ; 0.000          ; High Pulse Width ; clock ; Rise       ; total_inserido[0]|clk                ;
; 0.658  ; 0.658        ; 0.000          ; High Pulse Width ; clock ; Rise       ; total_inserido[1]|clk                ;
; 0.658  ; 0.658        ; 0.000          ; High Pulse Width ; clock ; Rise       ; total_inserido[2]|clk                ;
; 0.658  ; 0.658        ; 0.000          ; High Pulse Width ; clock ; Rise       ; total_inserido[4]|clk                ;
; 0.658  ; 0.658        ; 0.000          ; High Pulse Width ; clock ; Rise       ; total_inserido[5]|clk                ;
; 0.658  ; 0.658        ; 0.000          ; High Pulse Width ; clock ; Rise       ; total_inserido[6]|clk                ;
; 0.659  ; 0.659        ; 0.000          ; High Pulse Width ; clock ; Rise       ; estado_atual_fsm.DAR_TROCO|clk       ;
; 0.659  ; 0.659        ; 0.000          ; High Pulse Width ; clock ; Rise       ; estado_atual_fsm.INICIO|clk          ;
; 0.659  ; 0.659        ; 0.000          ; High Pulse Width ; clock ; Rise       ; estado_atual_fsm.VERIFICAR_TROCO|clk ;
; 0.659  ; 0.659        ; 0.000          ; High Pulse Width ; clock ; Rise       ; total_inserido[3]|clk                ;
; 0.661  ; 0.661        ; 0.000          ; High Pulse Width ; clock ; Rise       ; clock~input|o                        ;
; 0.665  ; 0.665        ; 0.000          ; High Pulse Width ; clock ; Rise       ; estado_atual_fsm.ESPERAR|clk         ;
; 0.665  ; 0.665        ; 0.000          ; High Pulse Width ; clock ; Rise       ; estado_atual_fsm.FORNECER|clk        ;
; 0.665  ; 0.665        ; 0.000          ; High Pulse Width ; clock ; Rise       ; estado_atual_fsm.SOMAR_100|clk       ;
; 0.665  ; 0.665        ; 0.000          ; High Pulse Width ; clock ; Rise       ; estado_atual_fsm.SOMAR_25|clk        ;
; 0.665  ; 0.665        ; 0.000          ; High Pulse Width ; clock ; Rise       ; estado_atual_fsm.SOMAR_50|clk        ;
+--------+--------------+----------------+------------------+-------+------------+--------------------------------------+


+-------------------------------------------------------------------------------+
; Setup Times                                                                   ;
+-------------------+------------+-------+-------+------------+-----------------+
; Data Port         ; Clock Port ; Rise  ; Fall  ; Clock Edge ; Clock Reference ;
+-------------------+------------+-------+-------+------------+-----------------+
; moeda_1_real      ; clock      ; 1.577 ; 1.896 ; Rise       ; clock           ;
; moeda_25_centavos ; clock      ; 1.675 ; 2.034 ; Rise       ; clock           ;
; moeda_50_centavos ; clock      ; 1.818 ; 2.178 ; Rise       ; clock           ;
; preco_produto[*]  ; clock      ; 3.348 ; 3.732 ; Rise       ; clock           ;
;  preco_produto[0] ; clock      ; 3.347 ; 3.732 ; Rise       ; clock           ;
;  preco_produto[1] ; clock      ; 3.348 ; 3.557 ; Rise       ; clock           ;
;  preco_produto[2] ; clock      ; 2.919 ; 3.327 ; Rise       ; clock           ;
;  preco_produto[3] ; clock      ; 3.020 ; 3.220 ; Rise       ; clock           ;
;  preco_produto[4] ; clock      ; 2.758 ; 3.083 ; Rise       ; clock           ;
;  preco_produto[5] ; clock      ; 2.927 ; 3.259 ; Rise       ; clock           ;
;  preco_produto[6] ; clock      ; 2.477 ; 2.897 ; Rise       ; clock           ;
;  preco_produto[7] ; clock      ; 2.967 ; 3.278 ; Rise       ; clock           ;
+-------------------+------------+-------+-------+------------+-----------------+


+---------------------------------------------------------------------------------+
; Hold Times                                                                      ;
+-------------------+------------+--------+--------+------------+-----------------+
; Data Port         ; Clock Port ; Rise   ; Fall   ; Clock Edge ; Clock Reference ;
+-------------------+------------+--------+--------+------------+-----------------+
; moeda_1_real      ; clock      ; -0.718 ; -1.053 ; Rise       ; clock           ;
; moeda_25_centavos ; clock      ; -0.667 ; -1.035 ; Rise       ; clock           ;
; moeda_50_centavos ; clock      ; -1.163 ; -1.505 ; Rise       ; clock           ;
; preco_produto[*]  ; clock      ; -0.905 ; -1.288 ; Rise       ; clock           ;
;  preco_produto[0] ; clock      ; -1.190 ; -1.503 ; Rise       ; clock           ;
;  preco_produto[1] ; clock      ; -1.047 ; -1.350 ; Rise       ; clock           ;
;  preco_produto[2] ; clock      ; -1.064 ; -1.395 ; Rise       ; clock           ;
;  preco_produto[3] ; clock      ; -1.146 ; -1.471 ; Rise       ; clock           ;
;  preco_produto[4] ; clock      ; -1.174 ; -1.567 ; Rise       ; clock           ;
;  preco_produto[5] ; clock      ; -1.338 ; -1.737 ; Rise       ; clock           ;
;  preco_produto[6] ; clock      ; -0.905 ; -1.288 ; Rise       ; clock           ;
;  preco_produto[7] ; clock      ; -1.196 ; -1.550 ; Rise       ; clock           ;
+-------------------+------------+--------+--------+------------+-----------------+


+--------------------------------------------------------------------------------+
; Clock to Output Times                                                          ;
+--------------------+------------+-------+-------+------------+-----------------+
; Data Port          ; Clock Port ; Rise  ; Fall  ; Clock Edge ; Clock Reference ;
+--------------------+------------+-------+-------+------------+-----------------+
; libera_moeda_troco ; clock      ; 5.400 ; 5.364 ; Rise       ; clock           ;
; libera_produto[*]  ; clock      ; 9.290 ; 9.213 ; Rise       ; clock           ;
;  libera_produto[0] ; clock      ; 9.290 ; 9.192 ; Rise       ; clock           ;
;  libera_produto[1] ; clock      ; 9.009 ; 8.927 ; Rise       ; clock           ;
;  libera_produto[2] ; clock      ; 9.282 ; 9.198 ; Rise       ; clock           ;
;  libera_produto[3] ; clock      ; 8.993 ; 8.907 ; Rise       ; clock           ;
;  libera_produto[4] ; clock      ; 9.283 ; 9.197 ; Rise       ; clock           ;
;  libera_produto[5] ; clock      ; 9.009 ; 8.929 ; Rise       ; clock           ;
;  libera_produto[6] ; clock      ; 9.280 ; 9.197 ; Rise       ; clock           ;
;  libera_produto[7] ; clock      ; 9.287 ; 9.213 ; Rise       ; clock           ;
; monitor_estado[*]  ; clock      ; 6.185 ; 6.134 ; Rise       ; clock           ;
;  monitor_estado[0] ; clock      ; 6.185 ; 6.134 ; Rise       ; clock           ;
;  monitor_estado[1] ; clock      ; 6.163 ; 6.121 ; Rise       ; clock           ;
;  monitor_estado[2] ; clock      ; 6.170 ; 6.120 ; Rise       ; clock           ;
; monitor_total[*]   ; clock      ; 6.523 ; 6.592 ; Rise       ; clock           ;
;  monitor_total[0]  ; clock      ; 5.012 ; 4.969 ; Rise       ; clock           ;
;  monitor_total[1]  ; clock      ; 5.662 ; 5.581 ; Rise       ; clock           ;
;  monitor_total[2]  ; clock      ; 5.455 ; 5.395 ; Rise       ; clock           ;
;  monitor_total[3]  ; clock      ; 4.976 ; 4.936 ; Rise       ; clock           ;
;  monitor_total[4]  ; clock      ; 4.987 ; 4.948 ; Rise       ; clock           ;
;  monitor_total[5]  ; clock      ; 6.523 ; 6.592 ; Rise       ; clock           ;
;  monitor_total[6]  ; clock      ; 5.221 ; 5.149 ; Rise       ; clock           ;
;  monitor_total[7]  ; clock      ; 5.545 ; 5.484 ; Rise       ; clock           ;
+--------------------+------------+-------+-------+------------+-----------------+


+--------------------------------------------------------------------------------+
; Minimum Clock to Output Times                                                  ;
+--------------------+------------+-------+-------+------------+-----------------+
; Data Port          ; Clock Port ; Rise  ; Fall  ; Clock Edge ; Clock Reference ;
+--------------------+------------+-------+-------+------------+-----------------+
; libera_moeda_troco ; clock      ; 5.289 ; 5.252 ; Rise       ; clock           ;
; libera_produto[*]  ; clock      ; 8.745 ; 8.664 ; Rise       ; clock           ;
;  libera_produto[0] ; clock      ; 9.032 ; 8.939 ; Rise       ; clock           ;
;  libera_produto[1] ; clock      ; 8.761 ; 8.684 ; Rise       ; clock           ;
;  libera_produto[2] ; clock      ; 9.023 ; 8.944 ; Rise       ; clock           ;
;  libera_produto[3] ; clock      ; 8.745 ; 8.664 ; Rise       ; clock           ;
;  libera_produto[4] ; clock      ; 9.025 ; 8.943 ; Rise       ; clock           ;
;  libera_produto[5] ; clock      ; 8.760 ; 8.684 ; Rise       ; clock           ;
;  libera_produto[6] ; clock      ; 9.021 ; 8.943 ; Rise       ; clock           ;
;  libera_produto[7] ; clock      ; 9.029 ; 8.958 ; Rise       ; clock           ;
; monitor_estado[*]  ; clock      ; 5.170 ; 5.130 ; Rise       ; clock           ;
;  monitor_estado[0] ; clock      ; 5.188 ; 5.142 ; Rise       ; clock           ;
;  monitor_estado[1] ; clock      ; 5.170 ; 5.130 ; Rise       ; clock           ;
;  monitor_estado[2] ; clock      ; 5.487 ; 5.416 ; Rise       ; clock           ;
; monitor_total[*]   ; clock      ; 4.883 ; 4.842 ; Rise       ; clock           ;
;  monitor_total[0]  ; clock      ; 4.917 ; 4.874 ; Rise       ; clock           ;
;  monitor_total[1]  ; clock      ; 5.541 ; 5.461 ; Rise       ; clock           ;
;  monitor_total[2]  ; clock      ; 5.343 ; 5.283 ; Rise       ; clock           ;
;  monitor_total[3]  ; clock      ; 4.883 ; 4.842 ; Rise       ; clock           ;
;  monitor_total[4]  ; clock      ; 4.894 ; 4.854 ; Rise       ; clock           ;
;  monitor_total[5]  ; clock      ; 6.419 ; 6.487 ; Rise       ; clock           ;
;  monitor_total[6]  ; clock      ; 5.118 ; 5.047 ; Rise       ; clock           ;
;  monitor_total[7]  ; clock      ; 5.430 ; 5.369 ; Rise       ; clock           ;
+--------------------+------------+-------+-------+------------+-----------------+


+------------------------------------------------------------------------+
; Propagation Delay                                                      ;
+--------------------+-------------------+-------+-------+-------+-------+
; Input Port         ; Output Port       ; RR    ; RF    ; FR    ; FF    ;
+--------------------+-------------------+-------+-------+-------+-------+
; seletor_produto[0] ; libera_produto[0] ;       ; 6.249 ; 6.646 ;       ;
; seletor_produto[0] ; libera_produto[1] ; 5.996 ;       ;       ; 6.337 ;
; seletor_produto[0] ; libera_produto[2] ;       ; 6.259 ; 6.661 ;       ;
; seletor_produto[0] ; libera_produto[3] ; 5.960 ;       ;       ; 6.335 ;
; seletor_produto[0] ; libera_produto[4] ;       ; 6.243 ; 6.642 ;       ;
; seletor_produto[0] ; libera_produto[5] ; 5.993 ;       ;       ; 6.330 ;
; seletor_produto[0] ; libera_produto[6] ;       ; 6.266 ; 6.659 ;       ;
; seletor_produto[0] ; libera_produto[7] ; 6.257 ;       ;       ; 6.644 ;
; seletor_produto[1] ; libera_produto[0] ;       ; 5.952 ; 6.358 ;       ;
; seletor_produto[1] ; libera_produto[1] ;       ; 5.692 ; 6.107 ;       ;
; seletor_produto[1] ; libera_produto[2] ; 5.968 ;       ;       ; 6.317 ;
; seletor_produto[1] ; libera_produto[3] ; 5.663 ;       ;       ; 6.047 ;
; seletor_produto[1] ; libera_produto[4] ;       ; 5.949 ; 6.347 ;       ;
; seletor_produto[1] ; libera_produto[5] ;       ; 5.699 ; 6.107 ;       ;
; seletor_produto[1] ; libera_produto[6] ; 5.970 ;       ;       ; 6.316 ;
; seletor_produto[1] ; libera_produto[7] ; 5.964 ;       ;       ; 6.353 ;
; seletor_produto[2] ; libera_produto[0] ;       ; 6.121 ; 6.497 ;       ;
; seletor_produto[2] ; libera_produto[1] ;       ; 5.853 ; 6.219 ;       ;
; seletor_produto[2] ; libera_produto[2] ;       ; 6.124 ; 6.490 ;       ;
; seletor_produto[2] ; libera_produto[3] ;       ; 5.834 ; 6.201 ;       ;
; seletor_produto[2] ; libera_produto[4] ; 6.154 ;       ;       ; 6.487 ;
; seletor_produto[2] ; libera_produto[5] ; 5.878 ;       ;       ; 6.217 ;
; seletor_produto[2] ; libera_produto[6] ; 6.153 ;       ;       ; 6.486 ;
; seletor_produto[2] ; libera_produto[7] ; 6.158 ;       ;       ; 6.506 ;
+--------------------+-------------------+-------+-------+-------+-------+


+------------------------------------------------------------------------+
; Minimum Propagation Delay                                              ;
+--------------------+-------------------+-------+-------+-------+-------+
; Input Port         ; Output Port       ; RR    ; RF    ; FR    ; FF    ;
+--------------------+-------------------+-------+-------+-------+-------+
; seletor_produto[0] ; libera_produto[0] ;       ; 6.117 ; 6.504 ;       ;
; seletor_produto[0] ; libera_produto[1] ; 5.873 ;       ;       ; 6.205 ;
; seletor_produto[0] ; libera_produto[2] ;       ; 6.126 ; 6.516 ;       ;
; seletor_produto[0] ; libera_produto[3] ; 5.839 ;       ;       ; 6.202 ;
; seletor_produto[0] ; libera_produto[4] ;       ; 6.111 ; 6.500 ;       ;
; seletor_produto[0] ; libera_produto[5] ; 5.870 ;       ;       ; 6.197 ;
; seletor_produto[0] ; libera_produto[6] ;       ; 6.133 ; 6.515 ;       ;
; seletor_produto[0] ; libera_produto[7] ; 6.125 ;       ;       ; 6.499 ;
; seletor_produto[1] ; libera_produto[0] ;       ; 5.830 ; 6.225 ;       ;
; seletor_produto[1] ; libera_produto[1] ;       ; 5.581 ; 5.984 ;       ;
; seletor_produto[1] ; libera_produto[2] ; 5.844 ;       ;       ; 6.184 ;
; seletor_produto[1] ; libera_produto[3] ; 5.552 ;       ;       ; 5.925 ;
; seletor_produto[1] ; libera_produto[4] ;       ; 5.828 ; 6.214 ;       ;
; seletor_produto[1] ; libera_produto[5] ;       ; 5.587 ; 5.984 ;       ;
; seletor_produto[1] ; libera_produto[6] ; 5.846 ;       ;       ; 6.183 ;
; seletor_produto[1] ; libera_produto[7] ; 5.842 ;       ;       ; 6.220 ;
; seletor_produto[2] ; libera_produto[0] ;       ; 5.992 ; 6.360 ;       ;
; seletor_produto[2] ; libera_produto[1] ;       ; 5.735 ; 6.092 ;       ;
; seletor_produto[2] ; libera_produto[2] ;       ; 5.995 ; 6.352 ;       ;
; seletor_produto[2] ; libera_produto[3] ;       ; 5.716 ; 6.074 ;       ;
; seletor_produto[2] ; libera_produto[4] ; 6.025 ;       ;       ; 6.349 ;
; seletor_produto[2] ; libera_produto[5] ; 5.759 ;       ;       ; 6.088 ;
; seletor_produto[2] ; libera_produto[6] ; 6.023 ;       ;       ; 6.347 ;
; seletor_produto[2] ; libera_produto[7] ; 6.029 ;       ;       ; 6.366 ;
+--------------------+-------------------+-------+-------+-------+-------+


---------------------------------------------
; Slow 1200mV 0C Model Metastability Report ;
---------------------------------------------
No synchronizer chains to report.


+------------------------------------+
; Fast 1200mV 0C Model Setup Summary ;
+-------+--------+-------------------+
; Clock ; Slack  ; End Point TNS     ;
+-------+--------+-------------------+
; clock ; -0.843 ; -9.068            ;
+-------+--------+-------------------+


+-----------------------------------+
; Fast 1200mV 0C Model Hold Summary ;
+-------+-------+-------------------+
; Clock ; Slack ; End Point TNS     ;
+-------+-------+-------------------+
; clock ; 0.214 ; 0.000             ;
+-------+-------+-------------------+


-----------------------------------------
; Fast 1200mV 0C Model Recovery Summary ;
-----------------------------------------
No paths to report.


----------------------------------------
; Fast 1200mV 0C Model Removal Summary ;
----------------------------------------
No paths to report.


+--------------------------------------------------+
; Fast 1200mV 0C Model Minimum Pulse Width Summary ;
+-------+--------+---------------------------------+
; Clock ; Slack  ; End Point TNS                   ;
+-------+--------+---------------------------------+
; clock ; -3.000 ; -20.065                         ;
+-------+--------+---------------------------------+


+----------------------------------------------------------------------------------------------------------------------------------------+
; Fast 1200mV 0C Model Setup: 'clock'                                                                                                    ;
+--------+----------------------------+----------------------------+--------------+-------------+--------------+------------+------------+
; Slack  ; From Node                  ; To Node                    ; Launch Clock ; Latch Clock ; Relationship ; Clock Skew ; Data Delay ;
+--------+----------------------------+----------------------------+--------------+-------------+--------------+------------+------------+
; -0.843 ; total_inserido[1]          ; total_inserido[4]          ; clock        ; clock       ; 1.000        ; -0.037     ; 1.793      ;
; -0.800 ; total_inserido[0]          ; total_inserido[4]          ; clock        ; clock       ; 1.000        ; -0.037     ; 1.750      ;
; -0.773 ; total_inserido[1]          ; total_inserido[6]          ; clock        ; clock       ; 1.000        ; -0.035     ; 1.725      ;
; -0.771 ; total_inserido[0]          ; total_inserido[1]          ; clock        ; clock       ; 1.000        ; -0.035     ; 1.723      ;
; -0.758 ; total_inserido[1]          ; total_inserido[2]          ; clock        ; clock       ; 1.000        ; -0.037     ; 1.708      ;
; -0.730 ; total_inserido[0]          ; total_inserido[6]          ; clock        ; clock       ; 1.000        ; -0.035     ; 1.682      ;
; -0.730 ; total_inserido[3]          ; total_inserido[6]          ; clock        ; clock       ; 1.000        ; -0.034     ; 1.683      ;
; -0.728 ; total_inserido[2]          ; total_inserido[6]          ; clock        ; clock       ; 1.000        ; -0.033     ; 1.682      ;
; -0.711 ; total_inserido[0]          ; total_inserido[2]          ; clock        ; clock       ; 1.000        ; -0.037     ; 1.661      ;
; -0.705 ; total_inserido[1]          ; total_inserido[5]          ; clock        ; clock       ; 1.000        ; -0.035     ; 1.657      ;
; -0.686 ; total_inserido[5]          ; total_inserido[6]          ; clock        ; clock       ; 1.000        ; -0.035     ; 1.638      ;
; -0.679 ; total_inserido[1]          ; total_inserido[3]          ; clock        ; clock       ; 1.000        ; -0.037     ; 1.629      ;
; -0.674 ; total_inserido[2]          ; total_inserido[4]          ; clock        ; clock       ; 1.000        ; -0.035     ; 1.626      ;
; -0.668 ; total_inserido[3]          ; total_inserido[5]          ; clock        ; clock       ; 1.000        ; -0.034     ; 1.621      ;
; -0.658 ; total_inserido[4]          ; total_inserido[6]          ; clock        ; clock       ; 1.000        ; -0.033     ; 1.612      ;
; -0.658 ; total_inserido[2]          ; total_inserido[5]          ; clock        ; clock       ; 1.000        ; -0.033     ; 1.612      ;
; -0.654 ; total_inserido[0]          ; total_inserido[3]          ; clock        ; clock       ; 1.000        ; -0.037     ; 1.604      ;
; -0.643 ; total_inserido[0]          ; total_inserido[5]          ; clock        ; clock       ; 1.000        ; -0.035     ; 1.595      ;
; -0.637 ; total_inserido[2]          ; total_inserido[3]          ; clock        ; clock       ; 1.000        ; -0.035     ; 1.589      ;
; -0.627 ; total_inserido[3]          ; total_inserido[4]          ; clock        ; clock       ; 1.000        ; -0.036     ; 1.578      ;
; -0.603 ; total_inserido[1]          ; total_inserido[7]          ; clock        ; clock       ; 1.000        ; 0.151      ; 1.741      ;
; -0.597 ; total_inserido[2]          ; total_inserido[2]          ; clock        ; clock       ; 1.000        ; -0.035     ; 1.549      ;
; -0.597 ; total_inserido[2]          ; total_inserido[7]          ; clock        ; clock       ; 1.000        ; 0.153      ; 1.737      ;
; -0.585 ; total_inserido[0]          ; estado_atual_fsm.SOMAR_50  ; clock        ; clock       ; 1.000        ; 0.155      ; 1.727      ;
; -0.583 ; total_inserido[0]          ; estado_atual_fsm.SOMAR_25  ; clock        ; clock       ; 1.000        ; 0.155      ; 1.725      ;
; -0.580 ; total_inserido[3]          ; total_inserido[7]          ; clock        ; clock       ; 1.000        ; 0.152      ; 1.719      ;
; -0.578 ; total_inserido[0]          ; total_inserido[7]          ; clock        ; clock       ; 1.000        ; 0.151      ; 1.716      ;
; -0.577 ; total_inserido[4]          ; total_inserido[5]          ; clock        ; clock       ; 1.000        ; -0.033     ; 1.531      ;
; -0.549 ; total_inserido[1]          ; total_inserido[1]          ; clock        ; clock       ; 1.000        ; -0.035     ; 1.501      ;
; -0.542 ; total_inserido[0]          ; estado_atual_fsm.SOMAR_100 ; clock        ; clock       ; 1.000        ; 0.155      ; 1.684      ;
; -0.528 ; total_inserido[2]          ; estado_atual_fsm.SOMAR_50  ; clock        ; clock       ; 1.000        ; 0.157      ; 1.672      ;
; -0.526 ; total_inserido[2]          ; estado_atual_fsm.SOMAR_25  ; clock        ; clock       ; 1.000        ; 0.157      ; 1.670      ;
; -0.525 ; estado_atual_fsm.ESPERAR   ; total_inserido[4]          ; clock        ; clock       ; 1.000        ; -0.235     ; 1.277      ;
; -0.525 ; estado_atual_fsm.ESPERAR   ; total_inserido[2]          ; clock        ; clock       ; 1.000        ; -0.235     ; 1.277      ;
; -0.525 ; total_inserido[4]          ; total_inserido[7]          ; clock        ; clock       ; 1.000        ; 0.153      ; 1.665      ;
; -0.516 ; total_inserido[5]          ; total_inserido[7]          ; clock        ; clock       ; 1.000        ; 0.151      ; 1.654      ;
; -0.498 ; total_inserido[5]          ; estado_atual_fsm.DAR_TROCO ; clock        ; clock       ; 1.000        ; -0.034     ; 1.451      ;
; -0.498 ; total_inserido[5]          ; estado_atual_fsm.INICIO    ; clock        ; clock       ; 1.000        ; -0.034     ; 1.451      ;
; -0.491 ; total_inserido[6]          ; total_inserido[7]          ; clock        ; clock       ; 1.000        ; 0.151      ; 1.629      ;
; -0.490 ; estado_atual_fsm.ESPERAR   ; total_inserido[3]          ; clock        ; clock       ; 1.000        ; -0.235     ; 1.242      ;
; -0.485 ; total_inserido[2]          ; estado_atual_fsm.SOMAR_100 ; clock        ; clock       ; 1.000        ; 0.157      ; 1.629      ;
; -0.478 ; total_inserido[1]          ; estado_atual_fsm.SOMAR_50  ; clock        ; clock       ; 1.000        ; 0.155      ; 1.620      ;
; -0.476 ; total_inserido[1]          ; estado_atual_fsm.SOMAR_25  ; clock        ; clock       ; 1.000        ; 0.155      ; 1.618      ;
; -0.474 ; total_inserido[7]          ; total_inserido[7]          ; clock        ; clock       ; 1.000        ; -0.043     ; 1.418      ;
; -0.447 ; total_inserido[4]          ; estado_atual_fsm.SOMAR_50  ; clock        ; clock       ; 1.000        ; 0.157      ; 1.591      ;
; -0.445 ; estado_atual_fsm.SOMAR_50  ; total_inserido[0]          ; clock        ; clock       ; 1.000        ; -0.233     ; 1.199      ;
; -0.445 ; total_inserido[4]          ; estado_atual_fsm.SOMAR_25  ; clock        ; clock       ; 1.000        ; 0.157      ; 1.589      ;
; -0.437 ; total_inserido[4]          ; total_inserido[4]          ; clock        ; clock       ; 1.000        ; -0.035     ; 1.389      ;
; -0.435 ; estado_atual_fsm.SOMAR_100 ; total_inserido[1]          ; clock        ; clock       ; 1.000        ; -0.233     ; 1.189      ;
; -0.435 ; total_inserido[1]          ; estado_atual_fsm.SOMAR_100 ; clock        ; clock       ; 1.000        ; 0.155      ; 1.577      ;
; -0.433 ; estado_atual_fsm.FORNECER  ; total_inserido[7]          ; clock        ; clock       ; 1.000        ; -0.047     ; 1.373      ;
; -0.423 ; total_inserido[6]          ; total_inserido[6]          ; clock        ; clock       ; 1.000        ; -0.035     ; 1.375      ;
; -0.421 ; total_inserido[0]          ; estado_atual_fsm.ESPERAR   ; clock        ; clock       ; 1.000        ; 0.155      ; 1.563      ;
; -0.421 ; estado_atual_fsm.ESPERAR   ; total_inserido[0]          ; clock        ; clock       ; 1.000        ; -0.233     ; 1.175      ;
; -0.420 ; total_inserido[5]          ; total_inserido[5]          ; clock        ; clock       ; 1.000        ; -0.035     ; 1.372      ;
; -0.406 ; estado_atual_fsm.FORNECER  ; total_inserido[2]          ; clock        ; clock       ; 1.000        ; -0.235     ; 1.158      ;
; -0.404 ; total_inserido[4]          ; estado_atual_fsm.SOMAR_100 ; clock        ; clock       ; 1.000        ; 0.157      ; 1.548      ;
; -0.403 ; estado_atual_fsm.SOMAR_25  ; total_inserido[3]          ; clock        ; clock       ; 1.000        ; -0.235     ; 1.155      ;
; -0.399 ; total_inserido[3]          ; estado_atual_fsm.SOMAR_50  ; clock        ; clock       ; 1.000        ; 0.156      ; 1.542      ;
; -0.397 ; total_inserido[3]          ; estado_atual_fsm.SOMAR_25  ; clock        ; clock       ; 1.000        ; 0.156      ; 1.540      ;
; -0.395 ; estado_atual_fsm.FORNECER  ; total_inserido[1]          ; clock        ; clock       ; 1.000        ; -0.233     ; 1.149      ;
; -0.394 ; total_inserido[3]          ; total_inserido[3]          ; clock        ; clock       ; 1.000        ; -0.036     ; 1.345      ;
; -0.381 ; estado_atual_fsm.ESPERAR   ; total_inserido[1]          ; clock        ; clock       ; 1.000        ; -0.233     ; 1.135      ;
; -0.380 ; estado_atual_fsm.ESPERAR   ; total_inserido[6]          ; clock        ; clock       ; 1.000        ; -0.233     ; 1.134      ;
; -0.380 ; estado_atual_fsm.ESPERAR   ; total_inserido[5]          ; clock        ; clock       ; 1.000        ; -0.233     ; 1.134      ;
; -0.378 ; total_inserido[6]          ; estado_atual_fsm.SOMAR_50  ; clock        ; clock       ; 1.000        ; 0.155      ; 1.520      ;
; -0.376 ; total_inserido[6]          ; estado_atual_fsm.SOMAR_25  ; clock        ; clock       ; 1.000        ; 0.155      ; 1.518      ;
; -0.364 ; total_inserido[0]          ; estado_atual_fsm.FORNECER  ; clock        ; clock       ; 1.000        ; 0.155      ; 1.506      ;
; -0.364 ; total_inserido[2]          ; estado_atual_fsm.ESPERAR   ; clock        ; clock       ; 1.000        ; 0.157      ; 1.508      ;
; -0.356 ; total_inserido[3]          ; estado_atual_fsm.SOMAR_100 ; clock        ; clock       ; 1.000        ; 0.156      ; 1.499      ;
; -0.353 ; total_inserido[7]          ; estado_atual_fsm.DAR_TROCO ; clock        ; clock       ; 1.000        ; -0.228     ; 1.112      ;
; -0.353 ; total_inserido[7]          ; estado_atual_fsm.INICIO    ; clock        ; clock       ; 1.000        ; -0.228     ; 1.112      ;
; -0.335 ; total_inserido[6]          ; estado_atual_fsm.SOMAR_100 ; clock        ; clock       ; 1.000        ; 0.155      ; 1.477      ;
; -0.335 ; total_inserido[6]          ; estado_atual_fsm.DAR_TROCO ; clock        ; clock       ; 1.000        ; -0.034     ; 1.288      ;
; -0.335 ; total_inserido[6]          ; estado_atual_fsm.INICIO    ; clock        ; clock       ; 1.000        ; -0.034     ; 1.288      ;
; -0.325 ; total_inserido[0]          ; total_inserido[0]          ; clock        ; clock       ; 1.000        ; -0.035     ; 1.277      ;
; -0.323 ; estado_atual_fsm.DAR_TROCO ; total_inserido[4]          ; clock        ; clock       ; 1.000        ; -0.038     ; 1.272      ;
; -0.316 ; total_inserido[1]          ; estado_atual_fsm.ESPERAR   ; clock        ; clock       ; 1.000        ; 0.155      ; 1.458      ;
; -0.313 ; estado_atual_fsm.ESPERAR   ; total_inserido[7]          ; clock        ; clock       ; 1.000        ; -0.047     ; 1.253      ;
; -0.308 ; total_inserido[5]          ; estado_atual_fsm.SOMAR_50  ; clock        ; clock       ; 1.000        ; 0.155      ; 1.450      ;
; -0.307 ; estado_atual_fsm.SOMAR_50  ; total_inserido[3]          ; clock        ; clock       ; 1.000        ; -0.235     ; 1.059      ;
; -0.307 ; total_inserido[2]          ; estado_atual_fsm.FORNECER  ; clock        ; clock       ; 1.000        ; 0.157      ; 1.451      ;
; -0.306 ; total_inserido[5]          ; estado_atual_fsm.SOMAR_25  ; clock        ; clock       ; 1.000        ; 0.155      ; 1.448      ;
; -0.303 ; estado_atual_fsm.FORNECER  ; total_inserido[4]          ; clock        ; clock       ; 1.000        ; -0.235     ; 1.055      ;
; -0.283 ; total_inserido[4]          ; estado_atual_fsm.ESPERAR   ; clock        ; clock       ; 1.000        ; 0.157      ; 1.427      ;
; -0.279 ; estado_atual_fsm.DAR_TROCO ; total_inserido[1]          ; clock        ; clock       ; 1.000        ; -0.036     ; 1.230      ;
; -0.279 ; estado_atual_fsm.SOMAR_25  ; total_inserido[6]          ; clock        ; clock       ; 1.000        ; -0.233     ; 1.033      ;
; -0.278 ; estado_atual_fsm.SOMAR_25  ; total_inserido[5]          ; clock        ; clock       ; 1.000        ; -0.233     ; 1.032      ;
; -0.273 ; estado_atual_fsm.SOMAR_100 ; total_inserido[0]          ; clock        ; clock       ; 1.000        ; -0.233     ; 1.027      ;
; -0.267 ; estado_atual_fsm.SOMAR_50  ; total_inserido[6]          ; clock        ; clock       ; 1.000        ; -0.233     ; 1.021      ;
; -0.267 ; estado_atual_fsm.SOMAR_50  ; total_inserido[5]          ; clock        ; clock       ; 1.000        ; -0.233     ; 1.021      ;
; -0.265 ; total_inserido[5]          ; estado_atual_fsm.SOMAR_100 ; clock        ; clock       ; 1.000        ; 0.155      ; 1.407      ;
; -0.261 ; estado_atual_fsm.SOMAR_25  ; total_inserido[4]          ; clock        ; clock       ; 1.000        ; -0.235     ; 1.013      ;
; -0.261 ; estado_atual_fsm.SOMAR_25  ; total_inserido[2]          ; clock        ; clock       ; 1.000        ; -0.235     ; 1.013      ;
; -0.257 ; total_inserido[1]          ; estado_atual_fsm.FORNECER  ; clock        ; clock       ; 1.000        ; 0.155      ; 1.399      ;
; -0.256 ; estado_atual_fsm.FORNECER  ; total_inserido[5]          ; clock        ; clock       ; 1.000        ; -0.233     ; 1.010      ;
; -0.245 ; estado_atual_fsm.SOMAR_50  ; total_inserido[4]          ; clock        ; clock       ; 1.000        ; -0.235     ; 0.997      ;
; -0.238 ; total_inserido[3]          ; estado_atual_fsm.ESPERAR   ; clock        ; clock       ; 1.000        ; 0.156      ; 1.381      ;
; -0.229 ; estado_atual_fsm.DAR_TROCO ; total_inserido[3]          ; clock        ; clock       ; 1.000        ; -0.038     ; 1.178      ;
; -0.226 ; total_inserido[4]          ; estado_atual_fsm.FORNECER  ; clock        ; clock       ; 1.000        ; 0.157      ; 1.370      ;
+--------+----------------------------+----------------------------+--------------+-------------+--------------+------------+------------+


+---------------------------------------------------------------------------------------------------------------------------------------------------+
; Fast 1200mV 0C Model Hold: 'clock'                                                                                                                ;
+-------+----------------------------------+----------------------------------+--------------+-------------+--------------+------------+------------+
; Slack ; From Node                        ; To Node                          ; Launch Clock ; Latch Clock ; Relationship ; Clock Skew ; Data Delay ;
+-------+----------------------------------+----------------------------------+--------------+-------------+--------------+------------+------------+
; 0.214 ; estado_atual_fsm.DAR_TROCO       ; estado_atual_fsm.VERIFICAR_TROCO ; clock        ; clock       ; 0.000        ; 0.035      ; 0.333      ;
; 0.258 ; estado_atual_fsm.INICIO          ; estado_atual_fsm.ESPERAR         ; clock        ; clock       ; 0.000        ; 0.232      ; 0.574      ;
; 0.320 ; estado_atual_fsm.ESPERAR         ; estado_atual_fsm.FORNECER        ; clock        ; clock       ; 0.000        ; 0.043      ; 0.447      ;
; 0.321 ; estado_atual_fsm.VERIFICAR_TROCO ; estado_atual_fsm.DAR_TROCO       ; clock        ; clock       ; 0.000        ; 0.035      ; 0.440      ;
; 0.346 ; estado_atual_fsm.VERIFICAR_TROCO ; estado_atual_fsm.INICIO          ; clock        ; clock       ; 0.000        ; 0.035      ; 0.465      ;
; 0.350 ; estado_atual_fsm.ESPERAR         ; estado_atual_fsm.SOMAR_50        ; clock        ; clock       ; 0.000        ; 0.043      ; 0.477      ;
; 0.350 ; estado_atual_fsm.ESPERAR         ; estado_atual_fsm.SOMAR_25        ; clock        ; clock       ; 0.000        ; 0.043      ; 0.477      ;
; 0.396 ; total_inserido[3]                ; estado_atual_fsm.INICIO          ; clock        ; clock       ; 0.000        ; 0.038      ; 0.518      ;
; 0.396 ; total_inserido[3]                ; estado_atual_fsm.DAR_TROCO       ; clock        ; clock       ; 0.000        ; 0.038      ; 0.518      ;
; 0.402 ; estado_atual_fsm.ESPERAR         ; estado_atual_fsm.SOMAR_100       ; clock        ; clock       ; 0.000        ; 0.043      ; 0.529      ;
; 0.459 ; estado_atual_fsm.DAR_TROCO       ; total_inserido[7]                ; clock        ; clock       ; 0.000        ; 0.228      ; 0.771      ;
; 0.580 ; estado_atual_fsm.SOMAR_100       ; estado_atual_fsm.ESPERAR         ; clock        ; clock       ; 0.000        ; 0.043      ; 0.707      ;
; 0.619 ; estado_atual_fsm.FORNECER        ; estado_atual_fsm.VERIFICAR_TROCO ; clock        ; clock       ; 0.000        ; -0.154     ; 0.549      ;
; 0.621 ; total_inserido[1]                ; total_inserido[1]                ; clock        ; clock       ; 0.000        ; 0.035      ; 0.740      ;
; 0.625 ; total_inserido[0]                ; total_inserido[0]                ; clock        ; clock       ; 0.000        ; 0.035      ; 0.744      ;
; 0.626 ; total_inserido[2]                ; total_inserido[2]                ; clock        ; clock       ; 0.000        ; 0.035      ; 0.745      ;
; 0.631 ; estado_atual_fsm.DAR_TROCO       ; total_inserido[6]                ; clock        ; clock       ; 0.000        ; 0.034      ; 0.749      ;
; 0.641 ; estado_atual_fsm.ESPERAR         ; estado_atual_fsm.ESPERAR         ; clock        ; clock       ; 0.000        ; 0.043      ; 0.768      ;
; 0.646 ; total_inserido[7]                ; estado_atual_fsm.FORNECER        ; clock        ; clock       ; 0.000        ; 0.047      ; 0.777      ;
; 0.704 ; estado_atual_fsm.SOMAR_25        ; estado_atual_fsm.ESPERAR         ; clock        ; clock       ; 0.000        ; 0.043      ; 0.831      ;
; 0.705 ; total_inserido[5]                ; estado_atual_fsm.FORNECER        ; clock        ; clock       ; 0.000        ; 0.233      ; 1.022      ;
; 0.712 ; estado_atual_fsm.DAR_TROCO       ; total_inserido[2]                ; clock        ; clock       ; 0.000        ; 0.032      ; 0.828      ;
; 0.714 ; total_inserido[4]                ; total_inserido[4]                ; clock        ; clock       ; 0.000        ; 0.035      ; 0.833      ;
; 0.715 ; total_inserido[6]                ; estado_atual_fsm.FORNECER        ; clock        ; clock       ; 0.000        ; 0.233      ; 1.032      ;
; 0.717 ; estado_atual_fsm.SOMAR_100       ; total_inserido[6]                ; clock        ; clock       ; 0.000        ; -0.155     ; 0.646      ;
; 0.720 ; estado_atual_fsm.SOMAR_100       ; total_inserido[3]                ; clock        ; clock       ; 0.000        ; -0.156     ; 0.648      ;
; 0.721 ; estado_atual_fsm.SOMAR_50        ; estado_atual_fsm.ESPERAR         ; clock        ; clock       ; 0.000        ; 0.043      ; 0.848      ;
; 0.721 ; estado_atual_fsm.SOMAR_100       ; total_inserido[7]                ; clock        ; clock       ; 0.000        ; 0.039      ; 0.844      ;
; 0.727 ; estado_atual_fsm.SOMAR_25        ; total_inserido[0]                ; clock        ; clock       ; 0.000        ; -0.155     ; 0.656      ;
; 0.728 ; estado_atual_fsm.SOMAR_100       ; total_inserido[5]                ; clock        ; clock       ; 0.000        ; -0.155     ; 0.657      ;
; 0.729 ; estado_atual_fsm.DAR_TROCO       ; total_inserido[5]                ; clock        ; clock       ; 0.000        ; 0.034      ; 0.847      ;
; 0.733 ; estado_atual_fsm.SOMAR_100       ; total_inserido[4]                ; clock        ; clock       ; 0.000        ; -0.157     ; 0.660      ;
; 0.734 ; estado_atual_fsm.SOMAR_100       ; total_inserido[2]                ; clock        ; clock       ; 0.000        ; -0.157     ; 0.661      ;
; 0.736 ; estado_atual_fsm.DAR_TROCO       ; total_inserido[0]                ; clock        ; clock       ; 0.000        ; 0.034      ; 0.854      ;
; 0.738 ; total_inserido[6]                ; total_inserido[6]                ; clock        ; clock       ; 0.000        ; 0.035      ; 0.857      ;
; 0.743 ; estado_atual_fsm.SOMAR_50        ; total_inserido[7]                ; clock        ; clock       ; 0.000        ; 0.039      ; 0.866      ;
; 0.745 ; total_inserido[3]                ; total_inserido[3]                ; clock        ; clock       ; 0.000        ; 0.036      ; 0.865      ;
; 0.746 ; total_inserido[7]                ; estado_atual_fsm.ESPERAR         ; clock        ; clock       ; 0.000        ; 0.047      ; 0.877      ;
; 0.749 ; total_inserido[7]                ; total_inserido[7]                ; clock        ; clock       ; 0.000        ; 0.043      ; 0.876      ;
; 0.751 ; total_inserido[5]                ; total_inserido[5]                ; clock        ; clock       ; 0.000        ; 0.035      ; 0.870      ;
; 0.768 ; total_inserido[4]                ; estado_atual_fsm.FORNECER        ; clock        ; clock       ; 0.000        ; 0.235      ; 1.087      ;
; 0.782 ; total_inserido[0]                ; total_inserido[1]                ; clock        ; clock       ; 0.000        ; 0.035      ; 0.901      ;
; 0.782 ; total_inserido[3]                ; estado_atual_fsm.FORNECER        ; clock        ; clock       ; 0.000        ; 0.235      ; 1.101      ;
; 0.786 ; estado_atual_fsm.SOMAR_25        ; total_inserido[7]                ; clock        ; clock       ; 0.000        ; 0.039      ; 0.909      ;
; 0.805 ; estado_atual_fsm.VERIFICAR_TROCO ; total_inserido[0]                ; clock        ; clock       ; 0.000        ; 0.034      ; 0.923      ;
; 0.805 ; total_inserido[5]                ; estado_atual_fsm.ESPERAR         ; clock        ; clock       ; 0.000        ; 0.233      ; 1.122      ;
; 0.806 ; total_inserido[7]                ; estado_atual_fsm.SOMAR_25        ; clock        ; clock       ; 0.000        ; 0.047      ; 0.937      ;
; 0.809 ; total_inserido[7]                ; estado_atual_fsm.SOMAR_50        ; clock        ; clock       ; 0.000        ; 0.047      ; 0.940      ;
; 0.809 ; total_inserido[7]                ; estado_atual_fsm.SOMAR_100       ; clock        ; clock       ; 0.000        ; 0.047      ; 0.940      ;
; 0.813 ; total_inserido[6]                ; total_inserido[7]                ; clock        ; clock       ; 0.000        ; 0.229      ; 1.126      ;
; 0.814 ; estado_atual_fsm.VERIFICAR_TROCO ; total_inserido[1]                ; clock        ; clock       ; 0.000        ; 0.034      ; 0.932      ;
; 0.815 ; total_inserido[4]                ; estado_atual_fsm.DAR_TROCO       ; clock        ; clock       ; 0.000        ; 0.038      ; 0.937      ;
; 0.815 ; total_inserido[6]                ; estado_atual_fsm.ESPERAR         ; clock        ; clock       ; 0.000        ; 0.233      ; 1.132      ;
; 0.816 ; estado_atual_fsm.VERIFICAR_TROCO ; total_inserido[7]                ; clock        ; clock       ; 0.000        ; 0.228      ; 1.128      ;
; 0.816 ; total_inserido[4]                ; estado_atual_fsm.INICIO          ; clock        ; clock       ; 0.000        ; 0.038      ; 0.938      ;
; 0.819 ; total_inserido[4]                ; total_inserido[7]                ; clock        ; clock       ; 0.000        ; 0.231      ; 1.134      ;
; 0.829 ; total_inserido[0]                ; estado_atual_fsm.DAR_TROCO       ; clock        ; clock       ; 0.000        ; 0.036      ; 0.949      ;
; 0.830 ; total_inserido[0]                ; estado_atual_fsm.INICIO          ; clock        ; clock       ; 0.000        ; 0.036      ; 0.950      ;
; 0.842 ; estado_atual_fsm.DAR_TROCO       ; total_inserido[3]                ; clock        ; clock       ; 0.000        ; 0.033      ; 0.959      ;
; 0.842 ; total_inserido[1]                ; estado_atual_fsm.DAR_TROCO       ; clock        ; clock       ; 0.000        ; 0.036      ; 0.962      ;
; 0.843 ; estado_atual_fsm.SOMAR_25        ; total_inserido[1]                ; clock        ; clock       ; 0.000        ; -0.155     ; 0.772      ;
; 0.843 ; total_inserido[1]                ; estado_atual_fsm.INICIO          ; clock        ; clock       ; 0.000        ; 0.036      ; 0.963      ;
; 0.845 ; estado_atual_fsm.FORNECER        ; total_inserido[6]                ; clock        ; clock       ; 0.000        ; -0.155     ; 0.774      ;
; 0.855 ; total_inserido[5]                ; total_inserido[7]                ; clock        ; clock       ; 0.000        ; 0.229      ; 1.168      ;
; 0.856 ; total_inserido[2]                ; estado_atual_fsm.FORNECER        ; clock        ; clock       ; 0.000        ; 0.235      ; 1.175      ;
; 0.859 ; total_inserido[1]                ; estado_atual_fsm.FORNECER        ; clock        ; clock       ; 0.000        ; 0.233      ; 1.176      ;
; 0.863 ; estado_atual_fsm.FORNECER        ; total_inserido[0]                ; clock        ; clock       ; 0.000        ; -0.155     ; 0.792      ;
; 0.865 ; total_inserido[5]                ; estado_atual_fsm.SOMAR_25        ; clock        ; clock       ; 0.000        ; 0.233      ; 1.182      ;
; 0.868 ; estado_atual_fsm.SOMAR_50        ; total_inserido[1]                ; clock        ; clock       ; 0.000        ; -0.155     ; 0.797      ;
; 0.868 ; total_inserido[4]                ; estado_atual_fsm.ESPERAR         ; clock        ; clock       ; 0.000        ; 0.235      ; 1.187      ;
; 0.868 ; total_inserido[5]                ; estado_atual_fsm.SOMAR_50        ; clock        ; clock       ; 0.000        ; 0.233      ; 1.185      ;
; 0.868 ; total_inserido[5]                ; estado_atual_fsm.SOMAR_100       ; clock        ; clock       ; 0.000        ; 0.233      ; 1.185      ;
; 0.872 ; estado_atual_fsm.SOMAR_50        ; total_inserido[2]                ; clock        ; clock       ; 0.000        ; -0.157     ; 0.799      ;
; 0.872 ; estado_atual_fsm.SOMAR_50        ; total_inserido[4]                ; clock        ; clock       ; 0.000        ; -0.157     ; 0.799      ;
; 0.875 ; total_inserido[6]                ; estado_atual_fsm.SOMAR_25        ; clock        ; clock       ; 0.000        ; 0.233      ; 1.192      ;
; 0.876 ; total_inserido[3]                ; total_inserido[7]                ; clock        ; clock       ; 0.000        ; 0.231      ; 1.191      ;
; 0.878 ; total_inserido[6]                ; estado_atual_fsm.SOMAR_50        ; clock        ; clock       ; 0.000        ; 0.233      ; 1.195      ;
; 0.878 ; total_inserido[6]                ; estado_atual_fsm.SOMAR_100       ; clock        ; clock       ; 0.000        ; 0.233      ; 1.195      ;
; 0.882 ; total_inserido[3]                ; estado_atual_fsm.ESPERAR         ; clock        ; clock       ; 0.000        ; 0.235      ; 1.201      ;
; 0.883 ; estado_atual_fsm.FORNECER        ; total_inserido[3]                ; clock        ; clock       ; 0.000        ; -0.156     ; 0.811      ;
; 0.895 ; total_inserido[5]                ; total_inserido[6]                ; clock        ; clock       ; 0.000        ; 0.035      ; 1.014      ;
; 0.896 ; estado_atual_fsm.VERIFICAR_TROCO ; total_inserido[6]                ; clock        ; clock       ; 0.000        ; 0.034      ; 1.014      ;
; 0.896 ; estado_atual_fsm.VERIFICAR_TROCO ; total_inserido[5]                ; clock        ; clock       ; 0.000        ; 0.034      ; 1.014      ;
; 0.896 ; estado_atual_fsm.DAR_TROCO       ; total_inserido[1]                ; clock        ; clock       ; 0.000        ; 0.034      ; 1.014      ;
; 0.896 ; total_inserido[2]                ; total_inserido[7]                ; clock        ; clock       ; 0.000        ; 0.231      ; 1.211      ;
; 0.897 ; total_inserido[2]                ; estado_atual_fsm.DAR_TROCO       ; clock        ; clock       ; 0.000        ; 0.038      ; 1.019      ;
; 0.898 ; total_inserido[2]                ; estado_atual_fsm.INICIO          ; clock        ; clock       ; 0.000        ; 0.038      ; 1.020      ;
; 0.898 ; total_inserido[2]                ; total_inserido[3]                ; clock        ; clock       ; 0.000        ; 0.036      ; 1.018      ;
; 0.908 ; estado_atual_fsm.FORNECER        ; total_inserido[5]                ; clock        ; clock       ; 0.000        ; -0.155     ; 0.837      ;
; 0.911 ; total_inserido[0]                ; estado_atual_fsm.FORNECER        ; clock        ; clock       ; 0.000        ; 0.233      ; 1.228      ;
; 0.919 ; estado_atual_fsm.SOMAR_25        ; total_inserido[5]                ; clock        ; clock       ; 0.000        ; -0.155     ; 0.848      ;
; 0.919 ; estado_atual_fsm.SOMAR_25        ; total_inserido[6]                ; clock        ; clock       ; 0.000        ; -0.155     ; 0.848      ;
; 0.920 ; estado_atual_fsm.SOMAR_50        ; total_inserido[5]                ; clock        ; clock       ; 0.000        ; -0.155     ; 0.849      ;
; 0.920 ; estado_atual_fsm.SOMAR_50        ; total_inserido[6]                ; clock        ; clock       ; 0.000        ; -0.155     ; 0.849      ;
; 0.921 ; estado_atual_fsm.DAR_TROCO       ; total_inserido[4]                ; clock        ; clock       ; 0.000        ; 0.032      ; 1.037      ;
; 0.924 ; estado_atual_fsm.SOMAR_25        ; total_inserido[2]                ; clock        ; clock       ; 0.000        ; -0.157     ; 0.851      ;
; 0.924 ; estado_atual_fsm.SOMAR_25        ; total_inserido[4]                ; clock        ; clock       ; 0.000        ; -0.157     ; 0.851      ;
; 0.928 ; total_inserido[4]                ; estado_atual_fsm.SOMAR_25        ; clock        ; clock       ; 0.000        ; 0.235      ; 1.247      ;
; 0.931 ; total_inserido[4]                ; estado_atual_fsm.SOMAR_50        ; clock        ; clock       ; 0.000        ; 0.235      ; 1.250      ;
; 0.931 ; total_inserido[4]                ; estado_atual_fsm.SOMAR_100       ; clock        ; clock       ; 0.000        ; 0.235      ; 1.250      ;
+-------+----------------------------------+----------------------------------+--------------+-------------+--------------+------------+------------+


+-----------------------------------------------------------------------------------------------------------------------+
; Fast 1200mV 0C Model Minimum Pulse Width: 'clock'                                                                     ;
+--------+--------------+----------------+------------------+-------+------------+--------------------------------------+
; Slack  ; Actual Width ; Required Width ; Type             ; Clock ; Clock Edge ; Target                               ;
+--------+--------------+----------------+------------------+-------+------------+--------------------------------------+
; -3.000 ; 1.000        ; 4.000          ; Port Rate        ; clock ; Rise       ; clock                                ;
; -1.000 ; 1.000        ; 2.000          ; Min Period       ; clock ; Rise       ; estado_atual_fsm.DAR_TROCO           ;
; -1.000 ; 1.000        ; 2.000          ; Min Period       ; clock ; Rise       ; estado_atual_fsm.ESPERAR             ;
; -1.000 ; 1.000        ; 2.000          ; Min Period       ; clock ; Rise       ; estado_atual_fsm.FORNECER            ;
; -1.000 ; 1.000        ; 2.000          ; Min Period       ; clock ; Rise       ; estado_atual_fsm.INICIO              ;
; -1.000 ; 1.000        ; 2.000          ; Min Period       ; clock ; Rise       ; estado_atual_fsm.SOMAR_100           ;
; -1.000 ; 1.000        ; 2.000          ; Min Period       ; clock ; Rise       ; estado_atual_fsm.SOMAR_25            ;
; -1.000 ; 1.000        ; 2.000          ; Min Period       ; clock ; Rise       ; estado_atual_fsm.SOMAR_50            ;
; -1.000 ; 1.000        ; 2.000          ; Min Period       ; clock ; Rise       ; estado_atual_fsm.VERIFICAR_TROCO     ;
; -1.000 ; 1.000        ; 2.000          ; Min Period       ; clock ; Rise       ; total_inserido[0]                    ;
; -1.000 ; 1.000        ; 2.000          ; Min Period       ; clock ; Rise       ; total_inserido[1]                    ;
; -1.000 ; 1.000        ; 2.000          ; Min Period       ; clock ; Rise       ; total_inserido[2]                    ;
; -1.000 ; 1.000        ; 2.000          ; Min Period       ; clock ; Rise       ; total_inserido[3]                    ;
; -1.000 ; 1.000        ; 2.000          ; Min Period       ; clock ; Rise       ; total_inserido[4]                    ;
; -1.000 ; 1.000        ; 2.000          ; Min Period       ; clock ; Rise       ; total_inserido[5]                    ;
; -1.000 ; 1.000        ; 2.000          ; Min Period       ; clock ; Rise       ; total_inserido[6]                    ;
; -1.000 ; 1.000        ; 2.000          ; Min Period       ; clock ; Rise       ; total_inserido[7]                    ;
; -0.085 ; 0.099        ; 0.184          ; Low Pulse Width  ; clock ; Rise       ; estado_atual_fsm.ESPERAR             ;
; -0.085 ; 0.099        ; 0.184          ; Low Pulse Width  ; clock ; Rise       ; estado_atual_fsm.FORNECER            ;
; -0.085 ; 0.099        ; 0.184          ; Low Pulse Width  ; clock ; Rise       ; estado_atual_fsm.SOMAR_100           ;
; -0.085 ; 0.099        ; 0.184          ; Low Pulse Width  ; clock ; Rise       ; estado_atual_fsm.SOMAR_25            ;
; -0.085 ; 0.099        ; 0.184          ; Low Pulse Width  ; clock ; Rise       ; estado_atual_fsm.SOMAR_50            ;
; -0.080 ; 0.104        ; 0.184          ; Low Pulse Width  ; clock ; Rise       ; total_inserido[7]                    ;
; -0.056 ; 0.128        ; 0.184          ; Low Pulse Width  ; clock ; Rise       ; estado_atual_fsm.DAR_TROCO           ;
; -0.056 ; 0.128        ; 0.184          ; Low Pulse Width  ; clock ; Rise       ; estado_atual_fsm.INICIO              ;
; -0.056 ; 0.128        ; 0.184          ; Low Pulse Width  ; clock ; Rise       ; estado_atual_fsm.VERIFICAR_TROCO     ;
; -0.056 ; 0.128        ; 0.184          ; Low Pulse Width  ; clock ; Rise       ; total_inserido[0]                    ;
; -0.056 ; 0.128        ; 0.184          ; Low Pulse Width  ; clock ; Rise       ; total_inserido[1]                    ;
; -0.056 ; 0.128        ; 0.184          ; Low Pulse Width  ; clock ; Rise       ; total_inserido[2]                    ;
; -0.056 ; 0.128        ; 0.184          ; Low Pulse Width  ; clock ; Rise       ; total_inserido[3]                    ;
; -0.056 ; 0.128        ; 0.184          ; Low Pulse Width  ; clock ; Rise       ; total_inserido[4]                    ;
; -0.056 ; 0.128        ; 0.184          ; Low Pulse Width  ; clock ; Rise       ; total_inserido[5]                    ;
; -0.056 ; 0.128        ; 0.184          ; Low Pulse Width  ; clock ; Rise       ; total_inserido[6]                    ;
; 0.095  ; 0.095        ; 0.000          ; Low Pulse Width  ; clock ; Rise       ; estado_atual_fsm.ESPERAR|clk         ;
; 0.095  ; 0.095        ; 0.000          ; Low Pulse Width  ; clock ; Rise       ; estado_atual_fsm.FORNECER|clk        ;
; 0.095  ; 0.095        ; 0.000          ; Low Pulse Width  ; clock ; Rise       ; estado_atual_fsm.SOMAR_100|clk       ;
; 0.095  ; 0.095        ; 0.000          ; Low Pulse Width  ; clock ; Rise       ; estado_atual_fsm.SOMAR_25|clk        ;
; 0.095  ; 0.095        ; 0.000          ; Low Pulse Width  ; clock ; Rise       ; estado_atual_fsm.SOMAR_50|clk        ;
; 0.100  ; 0.100        ; 0.000          ; Low Pulse Width  ; clock ; Rise       ; total_inserido[7]|clk                ;
; 0.118  ; 0.118        ; 0.000          ; Low Pulse Width  ; clock ; Rise       ; clock~input|o                        ;
; 0.123  ; 0.123        ; 0.000          ; Low Pulse Width  ; clock ; Rise       ; total_inserido[3]|clk                ;
; 0.124  ; 0.124        ; 0.000          ; Low Pulse Width  ; clock ; Rise       ; estado_atual_fsm.DAR_TROCO|clk       ;
; 0.124  ; 0.124        ; 0.000          ; Low Pulse Width  ; clock ; Rise       ; estado_atual_fsm.INICIO|clk          ;
; 0.124  ; 0.124        ; 0.000          ; Low Pulse Width  ; clock ; Rise       ; estado_atual_fsm.VERIFICAR_TROCO|clk ;
; 0.124  ; 0.124        ; 0.000          ; Low Pulse Width  ; clock ; Rise       ; total_inserido[0]|clk                ;
; 0.124  ; 0.124        ; 0.000          ; Low Pulse Width  ; clock ; Rise       ; total_inserido[1]|clk                ;
; 0.124  ; 0.124        ; 0.000          ; Low Pulse Width  ; clock ; Rise       ; total_inserido[2]|clk                ;
; 0.124  ; 0.124        ; 0.000          ; Low Pulse Width  ; clock ; Rise       ; total_inserido[4]|clk                ;
; 0.124  ; 0.124        ; 0.000          ; Low Pulse Width  ; clock ; Rise       ; total_inserido[5]|clk                ;
; 0.124  ; 0.124        ; 0.000          ; Low Pulse Width  ; clock ; Rise       ; total_inserido[6]|clk                ;
; 0.132  ; 0.132        ; 0.000          ; Low Pulse Width  ; clock ; Rise       ; clock~inputclkctrl|inclk[0]          ;
; 0.132  ; 0.132        ; 0.000          ; Low Pulse Width  ; clock ; Rise       ; clock~inputclkctrl|outclk            ;
; 0.500  ; 0.500        ; 0.000          ; High Pulse Width ; clock ; Rise       ; clock~input|i                        ;
; 0.500  ; 0.500        ; 0.000          ; Low Pulse Width  ; clock ; Rise       ; clock~input|i                        ;
; 0.654  ; 0.870        ; 0.216          ; High Pulse Width ; clock ; Rise       ; estado_atual_fsm.DAR_TROCO           ;
; 0.654  ; 0.870        ; 0.216          ; High Pulse Width ; clock ; Rise       ; estado_atual_fsm.INICIO              ;
; 0.654  ; 0.870        ; 0.216          ; High Pulse Width ; clock ; Rise       ; estado_atual_fsm.VERIFICAR_TROCO     ;
; 0.654  ; 0.870        ; 0.216          ; High Pulse Width ; clock ; Rise       ; total_inserido[0]                    ;
; 0.654  ; 0.870        ; 0.216          ; High Pulse Width ; clock ; Rise       ; total_inserido[1]                    ;
; 0.654  ; 0.870        ; 0.216          ; High Pulse Width ; clock ; Rise       ; total_inserido[2]                    ;
; 0.654  ; 0.870        ; 0.216          ; High Pulse Width ; clock ; Rise       ; total_inserido[4]                    ;
; 0.654  ; 0.870        ; 0.216          ; High Pulse Width ; clock ; Rise       ; total_inserido[5]                    ;
; 0.654  ; 0.870        ; 0.216          ; High Pulse Width ; clock ; Rise       ; total_inserido[6]                    ;
; 0.655  ; 0.871        ; 0.216          ; High Pulse Width ; clock ; Rise       ; total_inserido[3]                    ;
; 0.678  ; 0.894        ; 0.216          ; High Pulse Width ; clock ; Rise       ; total_inserido[7]                    ;
; 0.682  ; 0.898        ; 0.216          ; High Pulse Width ; clock ; Rise       ; estado_atual_fsm.ESPERAR             ;
; 0.682  ; 0.898        ; 0.216          ; High Pulse Width ; clock ; Rise       ; estado_atual_fsm.FORNECER            ;
; 0.682  ; 0.898        ; 0.216          ; High Pulse Width ; clock ; Rise       ; estado_atual_fsm.SOMAR_100           ;
; 0.682  ; 0.898        ; 0.216          ; High Pulse Width ; clock ; Rise       ; estado_atual_fsm.SOMAR_25            ;
; 0.682  ; 0.898        ; 0.216          ; High Pulse Width ; clock ; Rise       ; estado_atual_fsm.SOMAR_50            ;
; 0.867  ; 0.867        ; 0.000          ; High Pulse Width ; clock ; Rise       ; clock~inputclkctrl|inclk[0]          ;
; 0.867  ; 0.867        ; 0.000          ; High Pulse Width ; clock ; Rise       ; clock~inputclkctrl|outclk            ;
; 0.876  ; 0.876        ; 0.000          ; High Pulse Width ; clock ; Rise       ; estado_atual_fsm.DAR_TROCO|clk       ;
; 0.876  ; 0.876        ; 0.000          ; High Pulse Width ; clock ; Rise       ; estado_atual_fsm.INICIO|clk          ;
; 0.876  ; 0.876        ; 0.000          ; High Pulse Width ; clock ; Rise       ; estado_atual_fsm.VERIFICAR_TROCO|clk ;
; 0.876  ; 0.876        ; 0.000          ; High Pulse Width ; clock ; Rise       ; total_inserido[0]|clk                ;
; 0.876  ; 0.876        ; 0.000          ; High Pulse Width ; clock ; Rise       ; total_inserido[1]|clk                ;
; 0.876  ; 0.876        ; 0.000          ; High Pulse Width ; clock ; Rise       ; total_inserido[2]|clk                ;
; 0.876  ; 0.876        ; 0.000          ; High Pulse Width ; clock ; Rise       ; total_inserido[3]|clk                ;
; 0.876  ; 0.876        ; 0.000          ; High Pulse Width ; clock ; Rise       ; total_inserido[4]|clk                ;
; 0.876  ; 0.876        ; 0.000          ; High Pulse Width ; clock ; Rise       ; total_inserido[5]|clk                ;
; 0.876  ; 0.876        ; 0.000          ; High Pulse Width ; clock ; Rise       ; total_inserido[6]|clk                ;
; 0.882  ; 0.882        ; 0.000          ; High Pulse Width ; clock ; Rise       ; clock~input|o                        ;
; 0.900  ; 0.900        ; 0.000          ; High Pulse Width ; clock ; Rise       ; total_inserido[7]|clk                ;
; 0.904  ; 0.904        ; 0.000          ; High Pulse Width ; clock ; Rise       ; estado_atual_fsm.ESPERAR|clk         ;
; 0.904  ; 0.904        ; 0.000          ; High Pulse Width ; clock ; Rise       ; estado_atual_fsm.FORNECER|clk        ;
; 0.904  ; 0.904        ; 0.000          ; High Pulse Width ; clock ; Rise       ; estado_atual_fsm.SOMAR_100|clk       ;
; 0.904  ; 0.904        ; 0.000          ; High Pulse Width ; clock ; Rise       ; estado_atual_fsm.SOMAR_25|clk        ;
; 0.904  ; 0.904        ; 0.000          ; High Pulse Width ; clock ; Rise       ; estado_atual_fsm.SOMAR_50|clk        ;
+--------+--------------+----------------+------------------+-------+------------+--------------------------------------+


+-------------------------------------------------------------------------------+
; Setup Times                                                                   ;
+-------------------+------------+-------+-------+------------+-----------------+
; Data Port         ; Clock Port ; Rise  ; Fall  ; Clock Edge ; Clock Reference ;
+-------------------+------------+-------+-------+------------+-----------------+
; moeda_1_real      ; clock      ; 1.013 ; 1.598 ; Rise       ; clock           ;
; moeda_25_centavos ; clock      ; 1.114 ; 1.640 ; Rise       ; clock           ;
; moeda_50_centavos ; clock      ; 1.180 ; 1.735 ; Rise       ; clock           ;
; preco_produto[*]  ; clock      ; 2.136 ; 2.778 ; Rise       ; clock           ;
;  preco_produto[0] ; clock      ; 2.130 ; 2.778 ; Rise       ; clock           ;
;  preco_produto[1] ; clock      ; 2.136 ; 2.646 ; Rise       ; clock           ;
;  preco_produto[2] ; clock      ; 1.867 ; 2.506 ; Rise       ; clock           ;
;  preco_produto[3] ; clock      ; 1.949 ; 2.454 ; Rise       ; clock           ;
;  preco_produto[4] ; clock      ; 1.703 ; 2.344 ; Rise       ; clock           ;
;  preco_produto[5] ; clock      ; 1.808 ; 2.471 ; Rise       ; clock           ;
;  preco_produto[6] ; clock      ; 1.583 ; 2.230 ; Rise       ; clock           ;
;  preco_produto[7] ; clock      ; 1.823 ; 2.480 ; Rise       ; clock           ;
+-------------------+------------+-------+-------+------------+-----------------+


+---------------------------------------------------------------------------------+
; Hold Times                                                                      ;
+-------------------+------------+--------+--------+------------+-----------------+
; Data Port         ; Clock Port ; Rise   ; Fall   ; Clock Edge ; Clock Reference ;
+-------------------+------------+--------+--------+------------+-----------------+
; moeda_1_real      ; clock      ; -0.478 ; -1.060 ; Rise       ; clock           ;
; moeda_25_centavos ; clock      ; -0.475 ; -1.062 ; Rise       ; clock           ;
; moeda_50_centavos ; clock      ; -0.772 ; -1.302 ; Rise       ; clock           ;
; preco_produto[*]  ; clock      ; -0.606 ; -1.207 ; Rise       ; clock           ;
;  preco_produto[0] ; clock      ; -0.739 ; -1.348 ; Rise       ; clock           ;
;  preco_produto[1] ; clock      ; -0.659 ; -1.256 ; Rise       ; clock           ;
;  preco_produto[2] ; clock      ; -0.675 ; -1.271 ; Rise       ; clock           ;
;  preco_produto[3] ; clock      ; -0.739 ; -1.337 ; Rise       ; clock           ;
;  preco_produto[4] ; clock      ; -0.760 ; -1.383 ; Rise       ; clock           ;
;  preco_produto[5] ; clock      ; -0.883 ; -1.508 ; Rise       ; clock           ;
;  preco_produto[6] ; clock      ; -0.606 ; -1.207 ; Rise       ; clock           ;
;  preco_produto[7] ; clock      ; -0.793 ; -1.378 ; Rise       ; clock           ;
+-------------------+------------+--------+--------+------------+-----------------+


+--------------------------------------------------------------------------------+
; Clock to Output Times                                                          ;
+--------------------+------------+-------+-------+------------+-----------------+
; Data Port          ; Clock Port ; Rise  ; Fall  ; Clock Edge ; Clock Reference ;
+--------------------+------------+-------+-------+------------+-----------------+
; libera_moeda_troco ; clock      ; 3.358 ; 3.423 ; Rise       ; clock           ;
; libera_produto[*]  ; clock      ; 5.803 ; 6.150 ; Rise       ; clock           ;
;  libera_produto[0] ; clock      ; 5.799 ; 6.146 ; Rise       ; clock           ;
;  libera_produto[1] ; clock      ; 5.613 ; 5.939 ; Rise       ; clock           ;
;  libera_produto[2] ; clock      ; 5.777 ; 6.128 ; Rise       ; clock           ;
;  libera_produto[3] ; clock      ; 5.602 ; 5.926 ; Rise       ; clock           ;
;  libera_produto[4] ; clock      ; 5.789 ; 6.138 ; Rise       ; clock           ;
;  libera_produto[5] ; clock      ; 5.612 ; 5.940 ; Rise       ; clock           ;
;  libera_produto[6] ; clock      ; 5.781 ; 6.136 ; Rise       ; clock           ;
;  libera_produto[7] ; clock      ; 5.803 ; 6.150 ; Rise       ; clock           ;
; monitor_estado[*]  ; clock      ; 3.813 ; 3.901 ; Rise       ; clock           ;
;  monitor_estado[0] ; clock      ; 3.813 ; 3.901 ; Rise       ; clock           ;
;  monitor_estado[1] ; clock      ; 3.802 ; 3.888 ; Rise       ; clock           ;
;  monitor_estado[2] ; clock      ; 3.803 ; 3.897 ; Rise       ; clock           ;
; monitor_total[*]   ; clock      ; 4.205 ; 4.363 ; Rise       ; clock           ;
;  monitor_total[0]  ; clock      ; 3.139 ; 3.174 ; Rise       ; clock           ;
;  monitor_total[1]  ; clock      ; 3.513 ; 3.597 ; Rise       ; clock           ;
;  monitor_total[2]  ; clock      ; 3.400 ; 3.457 ; Rise       ; clock           ;
;  monitor_total[3]  ; clock      ; 3.107 ; 3.141 ; Rise       ; clock           ;
;  monitor_total[4]  ; clock      ; 3.120 ; 3.156 ; Rise       ; clock           ;
;  monitor_total[5]  ; clock      ; 4.205 ; 4.363 ; Rise       ; clock           ;
;  monitor_total[6]  ; clock      ; 3.256 ; 3.300 ; Rise       ; clock           ;
;  monitor_total[7]  ; clock      ; 3.448 ; 3.496 ; Rise       ; clock           ;
+--------------------+------------+-------+-------+------------+-----------------+


+--------------------------------------------------------------------------------+
; Minimum Clock to Output Times                                                  ;
+--------------------+------------+-------+-------+------------+-----------------+
; Data Port          ; Clock Port ; Rise  ; Fall  ; Clock Edge ; Clock Reference ;
+--------------------+------------+-------+-------+------------+-----------------+
; libera_moeda_troco ; clock      ; 3.287 ; 3.349 ; Rise       ; clock           ;
; libera_produto[*]  ; clock      ; 5.447 ; 5.759 ; Rise       ; clock           ;
;  libera_produto[0] ; clock      ; 5.639 ; 5.971 ; Rise       ; clock           ;
;  libera_produto[1] ; clock      ; 5.459 ; 5.772 ; Rise       ; clock           ;
;  libera_produto[2] ; clock      ; 5.616 ; 5.953 ; Rise       ; clock           ;
;  libera_produto[3] ; clock      ; 5.447 ; 5.759 ; Rise       ; clock           ;
;  libera_produto[4] ; clock      ; 5.628 ; 5.964 ; Rise       ; clock           ;
;  libera_produto[5] ; clock      ; 5.458 ; 5.772 ; Rise       ; clock           ;
;  libera_produto[6] ; clock      ; 5.620 ; 5.960 ; Rise       ; clock           ;
;  libera_produto[7] ; clock      ; 5.642 ; 5.975 ; Rise       ; clock           ;
; monitor_estado[*]  ; clock      ; 3.214 ; 3.260 ; Rise       ; clock           ;
;  monitor_estado[0] ; clock      ; 3.222 ; 3.267 ; Rise       ; clock           ;
;  monitor_estado[1] ; clock      ; 3.214 ; 3.260 ; Rise       ; clock           ;
;  monitor_estado[2] ; clock      ; 3.386 ; 3.462 ; Rise       ; clock           ;
; monitor_total[*]   ; clock      ; 3.045 ; 3.078 ; Rise       ; clock           ;
;  monitor_total[0]  ; clock      ; 3.079 ; 3.112 ; Rise       ; clock           ;
;  monitor_total[1]  ; clock      ; 3.437 ; 3.517 ; Rise       ; clock           ;
;  monitor_total[2]  ; clock      ; 3.328 ; 3.383 ; Rise       ; clock           ;
;  monitor_total[3]  ; clock      ; 3.045 ; 3.078 ; Rise       ; clock           ;
;  monitor_total[4]  ; clock      ; 3.060 ; 3.094 ; Rise       ; clock           ;
;  monitor_total[5]  ; clock      ; 4.138 ; 4.293 ; Rise       ; clock           ;
;  monitor_total[6]  ; clock      ; 3.190 ; 3.232 ; Rise       ; clock           ;
;  monitor_total[7]  ; clock      ; 3.375 ; 3.420 ; Rise       ; clock           ;
+--------------------+------------+-------+-------+------------+-----------------+


+------------------------------------------------------------------------+
; Propagation Delay                                                      ;
+--------------------+-------------------+-------+-------+-------+-------+
; Input Port         ; Output Port       ; RR    ; RF    ; FR    ; FF    ;
+--------------------+-------------------+-------+-------+-------+-------+
; seletor_produto[0] ; libera_produto[0] ;       ; 4.077 ; 4.637 ;       ;
; seletor_produto[0] ; libera_produto[1] ; 3.865 ;       ;       ; 4.447 ;
; seletor_produto[0] ; libera_produto[2] ;       ; 4.069 ; 4.633 ;       ;
; seletor_produto[0] ; libera_produto[3] ; 3.845 ;       ;       ; 4.443 ;
; seletor_produto[0] ; libera_produto[4] ;       ; 4.063 ; 4.628 ;       ;
; seletor_produto[0] ; libera_produto[5] ; 3.864 ;       ;       ; 4.440 ;
; seletor_produto[0] ; libera_produto[6] ;       ; 4.079 ; 4.636 ;       ;
; seletor_produto[0] ; libera_produto[7] ; 4.049 ;       ;       ; 4.670 ;
; seletor_produto[1] ; libera_produto[0] ;       ; 3.884 ; 4.423 ;       ;
; seletor_produto[1] ; libera_produto[1] ;       ; 3.688 ; 4.261 ;       ;
; seletor_produto[1] ; libera_produto[2] ; 3.836 ;       ;       ; 4.421 ;
; seletor_produto[1] ; libera_produto[3] ; 3.649 ;       ;       ; 4.231 ;
; seletor_produto[1] ; libera_produto[4] ;       ; 3.869 ; 4.406 ;       ;
; seletor_produto[1] ; libera_produto[5] ;       ; 3.690 ; 4.257 ;       ;
; seletor_produto[1] ; libera_produto[6] ; 3.841 ;       ;       ; 4.423 ;
; seletor_produto[1] ; libera_produto[7] ; 3.857 ;       ;       ; 4.460 ;
; seletor_produto[2] ; libera_produto[0] ;       ; 3.993 ; 4.528 ;       ;
; seletor_produto[2] ; libera_produto[1] ;       ; 3.786 ; 4.346 ;       ;
; seletor_produto[2] ; libera_produto[2] ;       ; 3.977 ; 4.510 ;       ;
; seletor_produto[2] ; libera_produto[3] ;       ; 3.773 ; 4.331 ;       ;
; seletor_produto[2] ; libera_produto[4] ; 3.962 ;       ;       ; 4.559 ;
; seletor_produto[2] ; libera_produto[5] ; 3.784 ;       ;       ; 4.364 ;
; seletor_produto[2] ; libera_produto[6] ; 3.954 ;       ;       ; 4.557 ;
; seletor_produto[2] ; libera_produto[7] ; 3.976 ;       ;       ; 4.572 ;
+--------------------+-------------------+-------+-------+-------+-------+


+------------------------------------------------------------------------+
; Minimum Propagation Delay                                              ;
+--------------------+-------------------+-------+-------+-------+-------+
; Input Port         ; Output Port       ; RR    ; RF    ; FR    ; FF    ;
+--------------------+-------------------+-------+-------+-------+-------+
; seletor_produto[0] ; libera_produto[0] ;       ; 3.985 ; 4.540 ;       ;
; seletor_produto[0] ; libera_produto[1] ; 3.782 ;       ;       ; 4.357 ;
; seletor_produto[0] ; libera_produto[2] ;       ; 3.976 ; 4.535 ;       ;
; seletor_produto[0] ; libera_produto[3] ; 3.761 ;       ;       ; 4.352 ;
; seletor_produto[0] ; libera_produto[4] ;       ; 3.972 ; 4.530 ;       ;
; seletor_produto[0] ; libera_produto[5] ; 3.781 ;       ;       ; 4.348 ;
; seletor_produto[0] ; libera_produto[6] ;       ; 3.986 ; 4.539 ;       ;
; seletor_produto[0] ; libera_produto[7] ; 3.959 ;       ;       ; 4.571 ;
; seletor_produto[1] ; libera_produto[0] ;       ; 3.798 ; 4.333 ;       ;
; seletor_produto[1] ; libera_produto[1] ;       ; 3.609 ; 4.177 ;       ;
; seletor_produto[1] ; libera_produto[2] ; 3.752 ;       ;       ; 4.329 ;
; seletor_produto[1] ; libera_produto[3] ; 3.571 ;       ;       ; 4.146 ;
; seletor_produto[1] ; libera_produto[4] ;       ; 3.784 ; 4.316 ;       ;
; seletor_produto[1] ; libera_produto[5] ;       ; 3.610 ; 4.173 ;       ;
; seletor_produto[1] ; libera_produto[6] ; 3.757 ;       ;       ; 4.331 ;
; seletor_produto[1] ; libera_produto[7] ; 3.773 ;       ;       ; 4.367 ;
; seletor_produto[2] ; libera_produto[0] ;       ; 3.902 ; 4.435 ;       ;
; seletor_produto[2] ; libera_produto[1] ;       ; 3.704 ; 4.259 ;       ;
; seletor_produto[2] ; libera_produto[2] ;       ; 3.886 ; 4.416 ;       ;
; seletor_produto[2] ; libera_produto[3] ;       ; 3.691 ; 4.243 ;       ;
; seletor_produto[2] ; libera_produto[4] ; 3.874 ;       ;       ; 4.464 ;
; seletor_produto[2] ; libera_produto[5] ; 3.703 ;       ;       ; 4.275 ;
; seletor_produto[2] ; libera_produto[6] ; 3.866 ;       ;       ; 4.460 ;
; seletor_produto[2] ; libera_produto[7] ; 3.888 ;       ;       ; 4.476 ;
+--------------------+-------------------+-------+-------+-------+-------+


---------------------------------------------
; Fast 1200mV 0C Model Metastability Report ;
---------------------------------------------
No synchronizer chains to report.


+-------------------------------------------------------------------------------+
; Multicorner Timing Analysis Summary                                           ;
+------------------+---------+-------+----------+---------+---------------------+
; Clock            ; Setup   ; Hold  ; Recovery ; Removal ; Minimum Pulse Width ;
+------------------+---------+-------+----------+---------+---------------------+
; Worst-case Slack ; -2.255  ; 0.214 ; N/A      ; N/A     ; -3.000              ;
;  clock           ; -2.255  ; 0.214 ; N/A      ; N/A     ; -3.000              ;
; Design-wide TNS  ; -28.452 ; 0.0   ; 0.0      ; 0.0     ; -20.065             ;
;  clock           ; -28.452 ; 0.000 ; N/A      ; N/A     ; -20.065             ;
+------------------+---------+-------+----------+---------+---------------------+


+-------------------------------------------------------------------------------+
; Setup Times                                                                   ;
+-------------------+------------+-------+-------+------------+-----------------+
; Data Port         ; Clock Port ; Rise  ; Fall  ; Clock Edge ; Clock Reference ;
+-------------------+------------+-------+-------+------------+-----------------+
; moeda_1_real      ; clock      ; 1.862 ; 2.250 ; Rise       ; clock           ;
; moeda_25_centavos ; clock      ; 1.977 ; 2.377 ; Rise       ; clock           ;
; moeda_50_centavos ; clock      ; 2.141 ; 2.559 ; Rise       ; clock           ;
; preco_produto[*]  ; clock      ; 3.872 ; 4.340 ; Rise       ; clock           ;
;  preco_produto[0] ; clock      ; 3.857 ; 4.340 ; Rise       ; clock           ;
;  preco_produto[1] ; clock      ; 3.872 ; 4.134 ; Rise       ; clock           ;
;  preco_produto[2] ; clock      ; 3.385 ; 3.881 ; Rise       ; clock           ;
;  preco_produto[3] ; clock      ; 3.492 ; 3.749 ; Rise       ; clock           ;
;  preco_produto[4] ; clock      ; 3.139 ; 3.585 ; Rise       ; clock           ;
;  preco_produto[5] ; clock      ; 3.330 ; 3.788 ; Rise       ; clock           ;
;  preco_produto[6] ; clock      ; 2.856 ; 3.360 ; Rise       ; clock           ;
;  preco_produto[7] ; clock      ; 3.369 ; 3.813 ; Rise       ; clock           ;
+-------------------+------------+-------+-------+------------+-----------------+


+---------------------------------------------------------------------------------+
; Hold Times                                                                      ;
+-------------------+------------+--------+--------+------------+-----------------+
; Data Port         ; Clock Port ; Rise   ; Fall   ; Clock Edge ; Clock Reference ;
+-------------------+------------+--------+--------+------------+-----------------+
; moeda_1_real      ; clock      ; -0.478 ; -1.053 ; Rise       ; clock           ;
; moeda_25_centavos ; clock      ; -0.475 ; -1.035 ; Rise       ; clock           ;
; moeda_50_centavos ; clock      ; -0.772 ; -1.302 ; Rise       ; clock           ;
; preco_produto[*]  ; clock      ; -0.606 ; -1.207 ; Rise       ; clock           ;
;  preco_produto[0] ; clock      ; -0.739 ; -1.348 ; Rise       ; clock           ;
;  preco_produto[1] ; clock      ; -0.659 ; -1.256 ; Rise       ; clock           ;
;  preco_produto[2] ; clock      ; -0.675 ; -1.271 ; Rise       ; clock           ;
;  preco_produto[3] ; clock      ; -0.739 ; -1.337 ; Rise       ; clock           ;
;  preco_produto[4] ; clock      ; -0.760 ; -1.383 ; Rise       ; clock           ;
;  preco_produto[5] ; clock      ; -0.883 ; -1.508 ; Rise       ; clock           ;
;  preco_produto[6] ; clock      ; -0.606 ; -1.207 ; Rise       ; clock           ;
;  preco_produto[7] ; clock      ; -0.793 ; -1.378 ; Rise       ; clock           ;
+-------------------+------------+--------+--------+------------+-----------------+


+--------------------------------------------------------------------------------+
; Clock to Output Times                                                          ;
+--------------------+------------+-------+-------+------------+-----------------+
; Data Port          ; Clock Port ; Rise  ; Fall  ; Clock Edge ; Clock Reference ;
+--------------------+------------+-------+-------+------------+-----------------+
; libera_moeda_troco ; clock      ; 5.679 ; 5.676 ; Rise       ; clock           ;
; libera_produto[*]  ; clock      ; 9.845 ; 9.917 ; Rise       ; clock           ;
;  libera_produto[0] ; clock      ; 9.844 ; 9.892 ; Rise       ; clock           ;
;  libera_produto[1] ; clock      ; 9.541 ; 9.596 ; Rise       ; clock           ;
;  libera_produto[2] ; clock      ; 9.840 ; 9.901 ; Rise       ; clock           ;
;  libera_produto[3] ; clock      ; 9.526 ; 9.577 ; Rise       ; clock           ;
;  libera_produto[4] ; clock      ; 9.838 ; 9.896 ; Rise       ; clock           ;
;  libera_produto[5] ; clock      ; 9.540 ; 9.593 ; Rise       ; clock           ;
;  libera_produto[6] ; clock      ; 9.836 ; 9.895 ; Rise       ; clock           ;
;  libera_produto[7] ; clock      ; 9.845 ; 9.917 ; Rise       ; clock           ;
; monitor_estado[*]  ; clock      ; 6.548 ; 6.551 ; Rise       ; clock           ;
;  monitor_estado[0] ; clock      ; 6.548 ; 6.551 ; Rise       ; clock           ;
;  monitor_estado[1] ; clock      ; 6.529 ; 6.531 ; Rise       ; clock           ;
;  monitor_estado[2] ; clock      ; 6.540 ; 6.545 ; Rise       ; clock           ;
; monitor_total[*]   ; clock      ; 6.794 ; 6.905 ; Rise       ; clock           ;
;  monitor_total[0]  ; clock      ; 5.264 ; 5.242 ; Rise       ; clock           ;
;  monitor_total[1]  ; clock      ; 5.969 ; 5.934 ; Rise       ; clock           ;
;  monitor_total[2]  ; clock      ; 5.748 ; 5.714 ; Rise       ; clock           ;
;  monitor_total[3]  ; clock      ; 5.228 ; 5.209 ; Rise       ; clock           ;
;  monitor_total[4]  ; clock      ; 5.237 ; 5.221 ; Rise       ; clock           ;
;  monitor_total[5]  ; clock      ; 6.794 ; 6.905 ; Rise       ; clock           ;
;  monitor_total[6]  ; clock      ; 5.483 ; 5.450 ; Rise       ; clock           ;
;  monitor_total[7]  ; clock      ; 5.847 ; 5.812 ; Rise       ; clock           ;
+--------------------+------------+-------+-------+------------+-----------------+


+--------------------------------------------------------------------------------+
; Minimum Clock to Output Times                                                  ;
+--------------------+------------+-------+-------+------------+-----------------+
; Data Port          ; Clock Port ; Rise  ; Fall  ; Clock Edge ; Clock Reference ;
+--------------------+------------+-------+-------+------------+-----------------+
; libera_moeda_troco ; clock      ; 3.287 ; 3.349 ; Rise       ; clock           ;
; libera_produto[*]  ; clock      ; 5.447 ; 5.759 ; Rise       ; clock           ;
;  libera_produto[0] ; clock      ; 5.639 ; 5.971 ; Rise       ; clock           ;
;  libera_produto[1] ; clock      ; 5.459 ; 5.772 ; Rise       ; clock           ;
;  libera_produto[2] ; clock      ; 5.616 ; 5.953 ; Rise       ; clock           ;
;  libera_produto[3] ; clock      ; 5.447 ; 5.759 ; Rise       ; clock           ;
;  libera_produto[4] ; clock      ; 5.628 ; 5.964 ; Rise       ; clock           ;
;  libera_produto[5] ; clock      ; 5.458 ; 5.772 ; Rise       ; clock           ;
;  libera_produto[6] ; clock      ; 5.620 ; 5.960 ; Rise       ; clock           ;
;  libera_produto[7] ; clock      ; 5.642 ; 5.975 ; Rise       ; clock           ;
; monitor_estado[*]  ; clock      ; 3.214 ; 3.260 ; Rise       ; clock           ;
;  monitor_estado[0] ; clock      ; 3.222 ; 3.267 ; Rise       ; clock           ;
;  monitor_estado[1] ; clock      ; 3.214 ; 3.260 ; Rise       ; clock           ;
;  monitor_estado[2] ; clock      ; 3.386 ; 3.462 ; Rise       ; clock           ;
; monitor_total[*]   ; clock      ; 3.045 ; 3.078 ; Rise       ; clock           ;
;  monitor_total[0]  ; clock      ; 3.079 ; 3.112 ; Rise       ; clock           ;
;  monitor_total[1]  ; clock      ; 3.437 ; 3.517 ; Rise       ; clock           ;
;  monitor_total[2]  ; clock      ; 3.328 ; 3.383 ; Rise       ; clock           ;
;  monitor_total[3]  ; clock      ; 3.045 ; 3.078 ; Rise       ; clock           ;
;  monitor_total[4]  ; clock      ; 3.060 ; 3.094 ; Rise       ; clock           ;
;  monitor_total[5]  ; clock      ; 4.138 ; 4.293 ; Rise       ; clock           ;
;  monitor_total[6]  ; clock      ; 3.190 ; 3.232 ; Rise       ; clock           ;
;  monitor_total[7]  ; clock      ; 3.375 ; 3.420 ; Rise       ; clock           ;
+--------------------+------------+-------+-------+------------+-----------------+


+------------------------------------------------------------------------+
; Propagation Delay                                                      ;
+--------------------+-------------------+-------+-------+-------+-------+
; Input Port         ; Output Port       ; RR    ; RF    ; FR    ; FF    ;
+--------------------+-------------------+-------+-------+-------+-------+
; seletor_produto[0] ; libera_produto[0] ;       ; 6.741 ; 7.189 ;       ;
; seletor_produto[0] ; libera_produto[1] ; 6.446 ;       ;       ; 6.867 ;
; seletor_produto[0] ; libera_produto[2] ;       ; 6.761 ; 7.214 ;       ;
; seletor_produto[0] ; libera_produto[3] ; 6.412 ;       ;       ; 6.870 ;
; seletor_produto[0] ; libera_produto[4] ;       ; 6.730 ; 7.185 ;       ;
; seletor_produto[0] ; libera_produto[5] ; 6.443 ;       ;       ; 6.858 ;
; seletor_produto[0] ; libera_produto[6] ;       ; 6.767 ; 7.207 ;       ;
; seletor_produto[0] ; libera_produto[7] ; 6.734 ;       ;       ; 7.210 ;
; seletor_produto[1] ; libera_produto[0] ;       ; 6.445 ; 6.877 ;       ;
; seletor_produto[1] ; libera_produto[1] ;       ; 6.161 ; 6.610 ;       ;
; seletor_produto[1] ; libera_produto[2] ; 6.446 ;       ;       ; 6.857 ;
; seletor_produto[1] ; libera_produto[3] ; 6.107 ;       ;       ; 6.557 ;
; seletor_produto[1] ; libera_produto[4] ;       ; 6.439 ; 6.867 ;       ;
; seletor_produto[1] ; libera_produto[5] ;       ; 6.165 ; 6.602 ;       ;
; seletor_produto[1] ; libera_produto[6] ; 6.444 ;       ;       ; 6.851 ;
; seletor_produto[1] ; libera_produto[7] ; 6.440 ;       ;       ; 6.896 ;
; seletor_produto[2] ; libera_produto[0] ;       ; 6.613 ; 7.028 ;       ;
; seletor_produto[2] ; libera_produto[1] ;       ; 6.314 ; 6.729 ;       ;
; seletor_produto[2] ; libera_produto[2] ;       ; 6.619 ; 7.030 ;       ;
; seletor_produto[2] ; libera_produto[3] ;       ; 6.298 ; 6.712 ;       ;
; seletor_produto[2] ; libera_produto[4] ; 6.626 ;       ;       ; 7.044 ;
; seletor_produto[2] ; libera_produto[5] ; 6.328 ;       ;       ; 6.740 ;
; seletor_produto[2] ; libera_produto[6] ; 6.628 ;       ;       ; 7.045 ;
; seletor_produto[2] ; libera_produto[7] ; 6.635 ;       ;       ; 7.063 ;
+--------------------+-------------------+-------+-------+-------+-------+


+------------------------------------------------------------------------+
; Minimum Propagation Delay                                              ;
+--------------------+-------------------+-------+-------+-------+-------+
; Input Port         ; Output Port       ; RR    ; RF    ; FR    ; FF    ;
+--------------------+-------------------+-------+-------+-------+-------+
; seletor_produto[0] ; libera_produto[0] ;       ; 3.985 ; 4.540 ;       ;
; seletor_produto[0] ; libera_produto[1] ; 3.782 ;       ;       ; 4.357 ;
; seletor_produto[0] ; libera_produto[2] ;       ; 3.976 ; 4.535 ;       ;
; seletor_produto[0] ; libera_produto[3] ; 3.761 ;       ;       ; 4.352 ;
; seletor_produto[0] ; libera_produto[4] ;       ; 3.972 ; 4.530 ;       ;
; seletor_produto[0] ; libera_produto[5] ; 3.781 ;       ;       ; 4.348 ;
; seletor_produto[0] ; libera_produto[6] ;       ; 3.986 ; 4.539 ;       ;
; seletor_produto[0] ; libera_produto[7] ; 3.959 ;       ;       ; 4.571 ;
; seletor_produto[1] ; libera_produto[0] ;       ; 3.798 ; 4.333 ;       ;
; seletor_produto[1] ; libera_produto[1] ;       ; 3.609 ; 4.177 ;       ;
; seletor_produto[1] ; libera_produto[2] ; 3.752 ;       ;       ; 4.329 ;
; seletor_produto[1] ; libera_produto[3] ; 3.571 ;       ;       ; 4.146 ;
; seletor_produto[1] ; libera_produto[4] ;       ; 3.784 ; 4.316 ;       ;
; seletor_produto[1] ; libera_produto[5] ;       ; 3.610 ; 4.173 ;       ;
; seletor_produto[1] ; libera_produto[6] ; 3.757 ;       ;       ; 4.331 ;
; seletor_produto[1] ; libera_produto[7] ; 3.773 ;       ;       ; 4.367 ;
; seletor_produto[2] ; libera_produto[0] ;       ; 3.902 ; 4.435 ;       ;
; seletor_produto[2] ; libera_produto[1] ;       ; 3.704 ; 4.259 ;       ;
; seletor_produto[2] ; libera_produto[2] ;       ; 3.886 ; 4.416 ;       ;
; seletor_produto[2] ; libera_produto[3] ;       ; 3.691 ; 4.243 ;       ;
; seletor_produto[2] ; libera_produto[4] ; 3.874 ;       ;       ; 4.464 ;
; seletor_produto[2] ; libera_produto[5] ; 3.703 ;       ;       ; 4.275 ;
; seletor_produto[2] ; libera_produto[6] ; 3.866 ;       ;       ; 4.460 ;
; seletor_produto[2] ; libera_produto[7] ; 3.888 ;       ;       ; 4.476 ;
+--------------------+-------------------+-------+-------+-------+-------+


+-----------------------------------------------------------------------------------------------------------------------------------------------------------------------------------------------------------------------------------------------------------------------------------------------------------------------------------------------------------------------------------------------------------------------+
; Board Trace Model Assignments                                                                                                                                                                                                                                                                                                                                                                                         ;
+--------------------+--------------+-------------------+-------------------------+-------------------------+---------------+---------------------+----------------+------------------+--------+------------------+------------------------+------------------------+--------------+---------------+-----------------+-------+---------------------+--------------------+---------------+-----------------+-------------+
; Pin                ; I/O Standard ; Near Tline Length ; Near Tline L per Length ; Near Tline C per Length ; Near Series R ; Near Differential R ; Near Pull-up R ; Near Pull-down R ; Near C ; Far Tline Length ; Far Tline L per Length ; Far Tline C per Length ; Far Series R ; Far Pull-up R ; Far Pull-down R ; Far C ; Termination Voltage ; Far Differential R ; EBD File Name ; EBD Signal Name ; EBD Far-end ;
+--------------------+--------------+-------------------+-------------------------+-------------------------+---------------+---------------------+----------------+------------------+--------+------------------+------------------------+------------------------+--------------+---------------+-----------------+-------+---------------------+--------------------+---------------+-----------------+-------------+
; libera_produto[0]  ; 2.5 V        ; 0 in              ; 0 H/in                  ; 0 F/in                  ; short         ; -                   ; open           ; open             ; open   ; 0 in             ; 0 H/in                 ; 0 F/in                 ; short        ; open          ; open            ; open  ; 0 V                 ; -                  ; n/a           ; n/a             ; n/a         ;
; libera_produto[1]  ; 2.5 V        ; 0 in              ; 0 H/in                  ; 0 F/in                  ; short         ; -                   ; open           ; open             ; open   ; 0 in             ; 0 H/in                 ; 0 F/in                 ; short        ; open          ; open            ; open  ; 0 V                 ; -                  ; n/a           ; n/a             ; n/a         ;
; libera_produto[2]  ; 2.5 V        ; 0 in              ; 0 H/in                  ; 0 F/in                  ; short         ; -                   ; open           ; open             ; open   ; 0 in             ; 0 H/in                 ; 0 F/in                 ; short        ; open          ; open            ; open  ; 0 V                 ; -                  ; n/a           ; n/a             ; n/a         ;
; libera_produto[3]  ; 2.5 V        ; 0 in              ; 0 H/in                  ; 0 F/in                  ; short         ; -                   ; open           ; open             ; open   ; 0 in             ; 0 H/in                 ; 0 F/in                 ; short        ; open          ; open            ; open  ; 0 V                 ; -                  ; n/a           ; n/a             ; n/a         ;
; libera_produto[4]  ; 2.5 V        ; 0 in              ; 0 H/in                  ; 0 F/in                  ; short         ; -                   ; open           ; open             ; open   ; 0 in             ; 0 H/in                 ; 0 F/in                 ; short        ; open          ; open            ; open  ; 0 V                 ; -                  ; n/a           ; n/a             ; n/a         ;
; libera_produto[5]  ; 2.5 V        ; 0 in              ; 0 H/in                  ; 0 F/in                  ; short         ; -                   ; open           ; open             ; open   ; 0 in             ; 0 H/in                 ; 0 F/in                 ; short        ; open          ; open            ; open  ; 0 V                 ; -                  ; n/a           ; n/a             ; n/a         ;
; libera_produto[6]  ; 2.5 V        ; 0 in              ; 0 H/in                  ; 0 F/in                  ; short         ; -                   ; open           ; open             ; open   ; 0 in             ; 0 H/in                 ; 0 F/in                 ; short        ; open          ; open            ; open  ; 0 V                 ; -                  ; n/a           ; n/a             ; n/a         ;
; libera_produto[7]  ; 2.5 V        ; 0 in              ; 0 H/in                  ; 0 F/in                  ; short         ; -                   ; open           ; open             ; open   ; 0 in             ; 0 H/in                 ; 0 F/in                 ; short        ; open          ; open            ; open  ; 0 V                 ; -                  ; n/a           ; n/a             ; n/a         ;
; libera_moeda_troco ; 2.5 V        ; 0 in              ; 0 H/in                  ; 0 F/in                  ; short         ; -                   ; open           ; open             ; open   ; 0 in             ; 0 H/in                 ; 0 F/in                 ; short        ; open          ; open            ; open  ; 0 V                 ; -                  ; n/a           ; n/a             ; n/a         ;
; monitor_estado[0]  ; 2.5 V        ; 0 in              ; 0 H/in                  ; 0 F/in                  ; short         ; -                   ; open           ; open             ; open   ; 0 in             ; 0 H/in                 ; 0 F/in                 ; short        ; open          ; open            ; open  ; 0 V                 ; -                  ; n/a           ; n/a             ; n/a         ;
; monitor_estado[1]  ; 2.5 V        ; 0 in              ; 0 H/in                  ; 0 F/in                  ; short         ; -                   ; open           ; open             ; open   ; 0 in             ; 0 H/in                 ; 0 F/in                 ; short        ; open          ; open            ; open  ; 0 V                 ; -                  ; n/a           ; n/a             ; n/a         ;
; monitor_estado[2]  ; 2.5 V        ; 0 in              ; 0 H/in                  ; 0 F/in                  ; short         ; -                   ; open           ; open             ; open   ; 0 in             ; 0 H/in                 ; 0 F/in                 ; short        ; open          ; open            ; open  ; 0 V                 ; -                  ; n/a           ; n/a             ; n/a         ;
; monitor_estado[3]  ; 2.5 V        ; 0 in              ; 0 H/in                  ; 0 F/in                  ; short         ; -                   ; open           ; open             ; open   ; 0 in             ; 0 H/in                 ; 0 F/in                 ; short        ; open          ; open            ; open  ; 0 V                 ; -                  ; n/a           ; n/a             ; n/a         ;
; monitor_estado[4]  ; 2.5 V        ; 0 in              ; 0 H/in                  ; 0 F/in                  ; short         ; -                   ; open           ; open             ; open   ; 0 in             ; 0 H/in                 ; 0 F/in                 ; short        ; open          ; open            ; open  ; 0 V                 ; -                  ; n/a           ; n/a             ; n/a         ;
; monitor_estado[5]  ; 2.5 V        ; 0 in              ; 0 H/in                  ; 0 F/in                  ; short         ; -                   ; open           ; open             ; open   ; 0 in             ; 0 H/in                 ; 0 F/in                 ; short        ; open          ; open            ; open  ; 0 V                 ; -                  ; n/a           ; n/a             ; n/a         ;
; monitor_estado[6]  ; 2.5 V        ; 0 in              ; 0 H/in                  ; 0 F/in                  ; short         ; -                   ; open           ; open             ; open   ; 0 in             ; 0 H/in                 ; 0 F/in                 ; short        ; open          ; open            ; open  ; 0 V                 ; -                  ; n/a           ; n/a             ; n/a         ;
; monitor_estado[7]  ; 2.5 V        ; 0 in              ; 0 H/in                  ; 0 F/in                  ; short         ; -                   ; open           ; open             ; open   ; 0 in             ; 0 H/in                 ; 0 F/in                 ; short        ; open          ; open            ; open  ; 0 V                 ; -                  ; n/a           ; n/a             ; n/a         ;
; monitor_estado[8]  ; 2.5 V        ; 0 in              ; 0 H/in                  ; 0 F/in                  ; short         ; -                   ; open           ; open             ; open   ; 0 in             ; 0 H/in                 ; 0 F/in                 ; short        ; open          ; open            ; open  ; 0 V                 ; -                  ; n/a           ; n/a             ; n/a         ;
; monitor_estado[9]  ; 2.5 V        ; 0 in              ; 0 H/in                  ; 0 F/in                  ; short         ; -                   ; open           ; open             ; open   ; 0 in             ; 0 H/in                 ; 0 F/in                 ; short        ; open          ; open            ; open  ; 0 V                 ; -                  ; n/a           ; n/a             ; n/a         ;
; monitor_estado[10] ; 2.5 V        ; 0 in              ; 0 H/in                  ; 0 F/in                  ; short         ; -                   ; open           ; open             ; open   ; 0 in             ; 0 H/in                 ; 0 F/in                 ; short        ; open          ; open            ; open  ; 0 V                 ; -                  ; n/a           ; n/a             ; n/a         ;
; monitor_estado[11] ; 2.5 V        ; 0 in              ; 0 H/in                  ; 0 F/in                  ; short         ; -                   ; open           ; open             ; open   ; 0 in             ; 0 H/in                 ; 0 F/in                 ; short        ; open          ; open            ; open  ; 0 V                 ; -                  ; n/a           ; n/a             ; n/a         ;
; monitor_estado[12] ; 2.5 V        ; 0 in              ; 0 H/in                  ; 0 F/in                  ; short         ; -                   ; open           ; open             ; open   ; 0 in             ; 0 H/in                 ; 0 F/in                 ; short        ; open          ; open            ; open  ; 0 V                 ; -                  ; n/a           ; n/a             ; n/a         ;
; monitor_estado[13] ; 2.5 V        ; 0 in              ; 0 H/in                  ; 0 F/in                  ; short         ; -                   ; open           ; open             ; open   ; 0 in             ; 0 H/in                 ; 0 F/in                 ; short        ; open          ; open            ; open  ; 0 V                 ; -                  ; n/a           ; n/a             ; n/a         ;
; monitor_estado[14] ; 2.5 V        ; 0 in              ; 0 H/in                  ; 0 F/in                  ; short         ; -                   ; open           ; open             ; open   ; 0 in             ; 0 H/in                 ; 0 F/in                 ; short        ; open          ; open            ; open  ; 0 V                 ; -                  ; n/a           ; n/a             ; n/a         ;
; monitor_estado[15] ; 2.5 V        ; 0 in              ; 0 H/in                  ; 0 F/in                  ; short         ; -                   ; open           ; open             ; open   ; 0 in             ; 0 H/in                 ; 0 F/in                 ; short        ; open          ; open            ; open  ; 0 V                 ; -                  ; n/a           ; n/a             ; n/a         ;
; monitor_estado[16] ; 2.5 V        ; 0 in              ; 0 H/in                  ; 0 F/in                  ; short         ; -                   ; open           ; open             ; open   ; 0 in             ; 0 H/in                 ; 0 F/in                 ; short        ; open          ; open            ; open  ; 0 V                 ; -                  ; n/a           ; n/a             ; n/a         ;
; monitor_estado[17] ; 2.5 V        ; 0 in              ; 0 H/in                  ; 0 F/in                  ; short         ; -                   ; open           ; open             ; open   ; 0 in             ; 0 H/in                 ; 0 F/in                 ; short        ; open          ; open            ; open  ; 0 V                 ; -                  ; n/a           ; n/a             ; n/a         ;
; monitor_estado[18] ; 2.5 V        ; 0 in              ; 0 H/in                  ; 0 F/in                  ; short         ; -                   ; open           ; open             ; open   ; 0 in             ; 0 H/in                 ; 0 F/in                 ; short        ; open          ; open            ; open  ; 0 V                 ; -                  ; n/a           ; n/a             ; n/a         ;
; monitor_estado[19] ; 2.5 V        ; 0 in              ; 0 H/in                  ; 0 F/in                  ; short         ; -                   ; open           ; open             ; open   ; 0 in             ; 0 H/in                 ; 0 F/in                 ; short        ; open          ; open            ; open  ; 0 V                 ; -                  ; n/a           ; n/a             ; n/a         ;
; monitor_estado[20] ; 2.5 V        ; 0 in              ; 0 H/in                  ; 0 F/in                  ; short         ; -                   ; open           ; open             ; open   ; 0 in             ; 0 H/in                 ; 0 F/in                 ; short        ; open          ; open            ; open  ; 0 V                 ; -                  ; n/a           ; n/a             ; n/a         ;
; monitor_estado[21] ; 2.5 V        ; 0 in              ; 0 H/in                  ; 0 F/in                  ; short         ; -                   ; open           ; open             ; open   ; 0 in             ; 0 H/in                 ; 0 F/in                 ; short        ; open          ; open            ; open  ; 0 V                 ; -                  ; n/a           ; n/a             ; n/a         ;
; monitor_estado[22] ; 2.5 V        ; 0 in              ; 0 H/in                  ; 0 F/in                  ; short         ; -                   ; open           ; open             ; open   ; 0 in             ; 0 H/in                 ; 0 F/in                 ; short        ; open          ; open            ; open  ; 0 V                 ; -                  ; n/a           ; n/a             ; n/a         ;
; monitor_estado[23] ; 2.5 V        ; 0 in              ; 0 H/in                  ; 0 F/in                  ; short         ; -                   ; open           ; open             ; open   ; 0 in             ; 0 H/in                 ; 0 F/in                 ; short        ; open          ; open            ; open  ; 0 V                 ; -                  ; n/a           ; n/a             ; n/a         ;
; monitor_estado[24] ; 2.5 V        ; 0 in              ; 0 H/in                  ; 0 F/in                  ; short         ; -                   ; open           ; open             ; open   ; 0 in             ; 0 H/in                 ; 0 F/in                 ; short        ; open          ; open            ; open  ; 0 V                 ; -                  ; n/a           ; n/a             ; n/a         ;
; monitor_estado[25] ; 2.5 V        ; 0 in              ; 0 H/in                  ; 0 F/in                  ; short         ; -                   ; open           ; open             ; open   ; 0 in             ; 0 H/in                 ; 0 F/in                 ; short        ; open          ; open            ; open  ; 0 V                 ; -                  ; n/a           ; n/a             ; n/a         ;
; monitor_estado[26] ; 2.5 V        ; 0 in              ; 0 H/in                  ; 0 F/in                  ; short         ; -                   ; open           ; open             ; open   ; 0 in             ; 0 H/in                 ; 0 F/in                 ; short        ; open          ; open            ; open  ; 0 V                 ; -                  ; n/a           ; n/a             ; n/a         ;
; monitor_estado[27] ; 2.5 V        ; 0 in              ; 0 H/in                  ; 0 F/in                  ; short         ; -                   ; open           ; open             ; open   ; 0 in             ; 0 H/in                 ; 0 F/in                 ; short        ; open          ; open            ; open  ; 0 V                 ; -                  ; n/a           ; n/a             ; n/a         ;
; monitor_estado[28] ; 2.5 V        ; 0 in              ; 0 H/in                  ; 0 F/in                  ; short         ; -                   ; open           ; open             ; open   ; 0 in             ; 0 H/in                 ; 0 F/in                 ; short        ; open          ; open            ; open  ; 0 V                 ; -                  ; n/a           ; n/a             ; n/a         ;
; monitor_estado[29] ; 2.5 V        ; 0 in              ; 0 H/in                  ; 0 F/in                  ; short         ; -                   ; open           ; open             ; open   ; 0 in             ; 0 H/in                 ; 0 F/in                 ; short        ; open          ; open            ; open  ; 0 V                 ; -                  ; n/a           ; n/a             ; n/a         ;
; monitor_estado[30] ; 2.5 V        ; 0 in              ; 0 H/in                  ; 0 F/in                  ; short         ; -                   ; open           ; open             ; open   ; 0 in             ; 0 H/in                 ; 0 F/in                 ; short        ; open          ; open            ; open  ; 0 V                 ; -                  ; n/a           ; n/a             ; n/a         ;
; monitor_estado[31] ; 2.5 V        ; 0 in              ; 0 H/in                  ; 0 F/in                  ; short         ; -                   ; open           ; open             ; open   ; 0 in             ; 0 H/in                 ; 0 F/in                 ; short        ; open          ; open            ; open  ; 0 V                 ; -                  ; n/a           ; n/a             ; n/a         ;
; monitor_total[0]   ; 2.5 V        ; 0 in              ; 0 H/in                  ; 0 F/in                  ; short         ; -                   ; open           ; open             ; open   ; 0 in             ; 0 H/in                 ; 0 F/in                 ; short        ; open          ; open            ; open  ; 0 V                 ; -                  ; n/a           ; n/a             ; n/a         ;
; monitor_total[1]   ; 2.5 V        ; 0 in              ; 0 H/in                  ; 0 F/in                  ; short         ; -                   ; open           ; open             ; open   ; 0 in             ; 0 H/in                 ; 0 F/in                 ; short        ; open          ; open            ; open  ; 0 V                 ; -                  ; n/a           ; n/a             ; n/a         ;
; monitor_total[2]   ; 2.5 V        ; 0 in              ; 0 H/in                  ; 0 F/in                  ; short         ; -                   ; open           ; open             ; open   ; 0 in             ; 0 H/in                 ; 0 F/in                 ; short        ; open          ; open            ; open  ; 0 V                 ; -                  ; n/a           ; n/a             ; n/a         ;
; monitor_total[3]   ; 2.5 V        ; 0 in              ; 0 H/in                  ; 0 F/in                  ; short         ; -                   ; open           ; open             ; open   ; 0 in             ; 0 H/in                 ; 0 F/in                 ; short        ; open          ; open            ; open  ; 0 V                 ; -                  ; n/a           ; n/a             ; n/a         ;
; monitor_total[4]   ; 2.5 V        ; 0 in              ; 0 H/in                  ; 0 F/in                  ; short         ; -                   ; open           ; open             ; open   ; 0 in             ; 0 H/in                 ; 0 F/in                 ; short        ; open          ; open            ; open  ; 0 V                 ; -                  ; n/a           ; n/a             ; n/a         ;
; monitor_total[5]   ; 2.5 V        ; 0 in              ; 0 H/in                  ; 0 F/in                  ; short         ; -                   ; open           ; open             ; open   ; 0 in             ; 0 H/in                 ; 0 F/in                 ; short        ; open          ; open            ; open  ; 0 V                 ; -                  ; n/a           ; n/a             ; n/a         ;
; monitor_total[6]   ; 2.5 V        ; 0 in              ; 0 H/in                  ; 0 F/in                  ; short         ; -                   ; open           ; open             ; open   ; 0 in             ; 0 H/in                 ; 0 F/in                 ; short        ; open          ; open            ; open  ; 0 V                 ; -                  ; n/a           ; n/a             ; n/a         ;
; monitor_total[7]   ; 2.5 V        ; 0 in              ; 0 H/in                  ; 0 F/in                  ; short         ; -                   ; open           ; open             ; open   ; 0 in             ; 0 H/in                 ; 0 F/in                 ; short        ; open          ; open            ; open  ; 0 V                 ; -                  ; n/a           ; n/a             ; n/a         ;
; monitor_total[8]   ; 2.5 V        ; 0 in              ; 0 H/in                  ; 0 F/in                  ; short         ; -                   ; open           ; open             ; open   ; 0 in             ; 0 H/in                 ; 0 F/in                 ; short        ; open          ; open            ; open  ; 0 V                 ; -                  ; n/a           ; n/a             ; n/a         ;
; monitor_total[9]   ; 2.5 V        ; 0 in              ; 0 H/in                  ; 0 F/in                  ; short         ; -                   ; open           ; open             ; open   ; 0 in             ; 0 H/in                 ; 0 F/in                 ; short        ; open          ; open            ; open  ; 0 V                 ; -                  ; n/a           ; n/a             ; n/a         ;
; monitor_total[10]  ; 2.5 V        ; 0 in              ; 0 H/in                  ; 0 F/in                  ; short         ; -                   ; open           ; open             ; open   ; 0 in             ; 0 H/in                 ; 0 F/in                 ; short        ; open          ; open            ; open  ; 0 V                 ; -                  ; n/a           ; n/a             ; n/a         ;
; monitor_total[11]  ; 2.5 V        ; 0 in              ; 0 H/in                  ; 0 F/in                  ; short         ; -                   ; open           ; open             ; open   ; 0 in             ; 0 H/in                 ; 0 F/in                 ; short        ; open          ; open            ; open  ; 0 V                 ; -                  ; n/a           ; n/a             ; n/a         ;
; monitor_total[12]  ; 2.5 V        ; 0 in              ; 0 H/in                  ; 0 F/in                  ; short         ; -                   ; open           ; open             ; open   ; 0 in             ; 0 H/in                 ; 0 F/in                 ; short        ; open          ; open            ; open  ; 0 V                 ; -                  ; n/a           ; n/a             ; n/a         ;
; monitor_total[13]  ; 2.5 V        ; 0 in              ; 0 H/in                  ; 0 F/in                  ; short         ; -                   ; open           ; open             ; open   ; 0 in             ; 0 H/in                 ; 0 F/in                 ; short        ; open          ; open            ; open  ; 0 V                 ; -                  ; n/a           ; n/a             ; n/a         ;
; monitor_total[14]  ; 2.5 V        ; 0 in              ; 0 H/in                  ; 0 F/in                  ; short         ; -                   ; open           ; open             ; open   ; 0 in             ; 0 H/in                 ; 0 F/in                 ; short        ; open          ; open            ; open  ; 0 V                 ; -                  ; n/a           ; n/a             ; n/a         ;
; monitor_total[15]  ; 2.5 V        ; 0 in              ; 0 H/in                  ; 0 F/in                  ; short         ; -                   ; open           ; open             ; open   ; 0 in             ; 0 H/in                 ; 0 F/in                 ; short        ; open          ; open            ; open  ; 0 V                 ; -                  ; n/a           ; n/a             ; n/a         ;
; monitor_total[16]  ; 2.5 V        ; 0 in              ; 0 H/in                  ; 0 F/in                  ; short         ; -                   ; open           ; open             ; open   ; 0 in             ; 0 H/in                 ; 0 F/in                 ; short        ; open          ; open            ; open  ; 0 V                 ; -                  ; n/a           ; n/a             ; n/a         ;
; monitor_total[17]  ; 2.5 V        ; 0 in              ; 0 H/in                  ; 0 F/in                  ; short         ; -                   ; open           ; open             ; open   ; 0 in             ; 0 H/in                 ; 0 F/in                 ; short        ; open          ; open            ; open  ; 0 V                 ; -                  ; n/a           ; n/a             ; n/a         ;
; monitor_total[18]  ; 2.5 V        ; 0 in              ; 0 H/in                  ; 0 F/in                  ; short         ; -                   ; open           ; open             ; open   ; 0 in             ; 0 H/in                 ; 0 F/in                 ; short        ; open          ; open            ; open  ; 0 V                 ; -                  ; n/a           ; n/a             ; n/a         ;
; monitor_total[19]  ; 2.5 V        ; 0 in              ; 0 H/in                  ; 0 F/in                  ; short         ; -                   ; open           ; open             ; open   ; 0 in             ; 0 H/in                 ; 0 F/in                 ; short        ; open          ; open            ; open  ; 0 V                 ; -                  ; n/a           ; n/a             ; n/a         ;
; monitor_total[20]  ; 2.5 V        ; 0 in              ; 0 H/in                  ; 0 F/in                  ; short         ; -                   ; open           ; open             ; open   ; 0 in             ; 0 H/in                 ; 0 F/in                 ; short        ; open          ; open            ; open  ; 0 V                 ; -                  ; n/a           ; n/a             ; n/a         ;
; monitor_total[21]  ; 2.5 V        ; 0 in              ; 0 H/in                  ; 0 F/in                  ; short         ; -                   ; open           ; open             ; open   ; 0 in             ; 0 H/in                 ; 0 F/in                 ; short        ; open          ; open            ; open  ; 0 V                 ; -                  ; n/a           ; n/a             ; n/a         ;
; monitor_total[22]  ; 2.5 V        ; 0 in              ; 0 H/in                  ; 0 F/in                  ; short         ; -                   ; open           ; open             ; open   ; 0 in             ; 0 H/in                 ; 0 F/in                 ; short        ; open          ; open            ; open  ; 0 V                 ; -                  ; n/a           ; n/a             ; n/a         ;
; monitor_total[23]  ; 2.5 V        ; 0 in              ; 0 H/in                  ; 0 F/in                  ; short         ; -                   ; open           ; open             ; open   ; 0 in             ; 0 H/in                 ; 0 F/in                 ; short        ; open          ; open            ; open  ; 0 V                 ; -                  ; n/a           ; n/a             ; n/a         ;
; monitor_total[24]  ; 2.5 V        ; 0 in              ; 0 H/in                  ; 0 F/in                  ; short         ; -                   ; open           ; open             ; open   ; 0 in             ; 0 H/in                 ; 0 F/in                 ; short        ; open          ; open            ; open  ; 0 V                 ; -                  ; n/a           ; n/a             ; n/a         ;
; monitor_total[25]  ; 2.5 V        ; 0 in              ; 0 H/in                  ; 0 F/in                  ; short         ; -                   ; open           ; open             ; open   ; 0 in             ; 0 H/in                 ; 0 F/in                 ; short        ; open          ; open            ; open  ; 0 V                 ; -                  ; n/a           ; n/a             ; n/a         ;
; monitor_total[26]  ; 2.5 V        ; 0 in              ; 0 H/in                  ; 0 F/in                  ; short         ; -                   ; open           ; open             ; open   ; 0 in             ; 0 H/in                 ; 0 F/in                 ; short        ; open          ; open            ; open  ; 0 V                 ; -                  ; n/a           ; n/a             ; n/a         ;
; monitor_total[27]  ; 2.5 V        ; 0 in              ; 0 H/in                  ; 0 F/in                  ; short         ; -                   ; open           ; open             ; open   ; 0 in             ; 0 H/in                 ; 0 F/in                 ; short        ; open          ; open            ; open  ; 0 V                 ; -                  ; n/a           ; n/a             ; n/a         ;
; monitor_total[28]  ; 2.5 V        ; 0 in              ; 0 H/in                  ; 0 F/in                  ; short         ; -                   ; open           ; open             ; open   ; 0 in             ; 0 H/in                 ; 0 F/in                 ; short        ; open          ; open            ; open  ; 0 V                 ; -                  ; n/a           ; n/a             ; n/a         ;
; monitor_total[29]  ; 2.5 V        ; 0 in              ; 0 H/in                  ; 0 F/in                  ; short         ; -                   ; open           ; open             ; open   ; 0 in             ; 0 H/in                 ; 0 F/in                 ; short        ; open          ; open            ; open  ; 0 V                 ; -                  ; n/a           ; n/a             ; n/a         ;
; monitor_total[30]  ; 2.5 V        ; 0 in              ; 0 H/in                  ; 0 F/in                  ; short         ; -                   ; open           ; open             ; open   ; 0 in             ; 0 H/in                 ; 0 F/in                 ; short        ; open          ; open            ; open  ; 0 V                 ; -                  ; n/a           ; n/a             ; n/a         ;
; monitor_total[31]  ; 2.5 V        ; 0 in              ; 0 H/in                  ; 0 F/in                  ; short         ; -                   ; open           ; open             ; open   ; 0 in             ; 0 H/in                 ; 0 F/in                 ; short        ; open          ; open            ; open  ; 0 V                 ; -                  ; n/a           ; n/a             ; n/a         ;
; ~ALTERA_DCLK~      ; 2.5 V        ; 0 in              ; 0 H/in                  ; 0 F/in                  ; short         ; -                   ; open           ; open             ; open   ; 0 in             ; 0 H/in                 ; 0 F/in                 ; short        ; open          ; open            ; open  ; 0 V                 ; -                  ; n/a           ; n/a             ; n/a         ;
; ~ALTERA_nCEO~      ; 2.5 V        ; 0 in              ; 0 H/in                  ; 0 F/in                  ; short         ; -                   ; open           ; open             ; open   ; 0 in             ; 0 H/in                 ; 0 F/in                 ; short        ; open          ; open            ; open  ; 0 V                 ; -                  ; n/a           ; n/a             ; n/a         ;
+--------------------+--------------+-------------------+-------------------------+-------------------------+---------------+---------------------+----------------+------------------+--------+------------------+------------------------+------------------------+--------------+---------------+-----------------+-------+---------------------+--------------------+---------------+-----------------+-------------+


+----------------------------------------------------------------------------+
; Input Transition Times                                                     ;
+-------------------------+--------------+-----------------+-----------------+
; Pin                     ; I/O Standard ; 10-90 Rise Time ; 90-10 Fall Time ;
+-------------------------+--------------+-----------------+-----------------+
; seletor_produto[0]      ; 2.5 V        ; 2000 ps         ; 2000 ps         ;
; seletor_produto[1]      ; 2.5 V        ; 2000 ps         ; 2000 ps         ;
; seletor_produto[2]      ; 2.5 V        ; 2000 ps         ; 2000 ps         ;
; preco_produto[3]        ; 2.5 V        ; 2000 ps         ; 2000 ps         ;
; preco_produto[2]        ; 2.5 V        ; 2000 ps         ; 2000 ps         ;
; preco_produto[1]        ; 2.5 V        ; 2000 ps         ; 2000 ps         ;
; preco_produto[0]        ; 2.5 V        ; 2000 ps         ; 2000 ps         ;
; preco_produto[7]        ; 2.5 V        ; 2000 ps         ; 2000 ps         ;
; preco_produto[6]        ; 2.5 V        ; 2000 ps         ; 2000 ps         ;
; preco_produto[5]        ; 2.5 V        ; 2000 ps         ; 2000 ps         ;
; preco_produto[4]        ; 2.5 V        ; 2000 ps         ; 2000 ps         ;
; clock                   ; 2.5 V        ; 2000 ps         ; 2000 ps         ;
; reset                   ; 2.5 V        ; 2000 ps         ; 2000 ps         ;
; moeda_25_centavos       ; 2.5 V        ; 2000 ps         ; 2000 ps         ;
; moeda_50_centavos       ; 2.5 V        ; 2000 ps         ; 2000 ps         ;
; moeda_1_real            ; 2.5 V        ; 2000 ps         ; 2000 ps         ;
; ~ALTERA_ASDO_DATA1~     ; 2.5 V        ; 2000 ps         ; 2000 ps         ;
; ~ALTERA_FLASH_nCE_nCSO~ ; 2.5 V        ; 2000 ps         ; 2000 ps         ;
; ~ALTERA_DATA0~          ; 2.5 V        ; 2000 ps         ; 2000 ps         ;
+-------------------------+--------------+-----------------+-----------------+


+-------------------------------------------------------------------------------------------------------------------------------------------------------------------------------------------------------------------------------------------------------------------------------------------------------------------------------------------------------------------------------------------------------------------------------------------------------------------------------------------------------------------------------------------------------------------------------------------------------------------------------------------------------------------------------------------------+
; Slow Corner Signal Integrity Metrics                                                                                                                                                                                                                                                                                                                                                                                                                                                                                                                                                                                                                                                            ;
+--------------------+--------------+---------------------+---------------------+------------------------------+------------------------------+---------------------+---------------------+--------------------------------------+--------------------------------------+-----------------------------+-----------------------------+----------------------------+----------------------------+-----------------------------+-----------------------------+--------------------+--------------------+-------------------------------------+-------------------------------------+----------------------------+----------------------------+---------------------------+---------------------------+
; Pin                ; I/O Standard ; Board Delay on Rise ; Board Delay on Fall ; Steady State Voh at FPGA Pin ; Steady State Vol at FPGA Pin ; Voh Max at FPGA Pin ; Vol Min at FPGA Pin ; Ringback Voltage on Rise at FPGA Pin ; Ringback Voltage on Fall at FPGA Pin ; 10-90 Rise Time at FPGA Pin ; 90-10 Fall Time at FPGA Pin ; Monotonic Rise at FPGA Pin ; Monotonic Fall at FPGA Pin ; Steady State Voh at Far-end ; Steady State Vol at Far-end ; Voh Max at Far-end ; Vol Min at Far-end ; Ringback Voltage on Rise at Far-end ; Ringback Voltage on Fall at Far-end ; 10-90 Rise Time at Far-end ; 90-10 Fall Time at Far-end ; Monotonic Rise at Far-end ; Monotonic Fall at Far-end ;
+--------------------+--------------+---------------------+---------------------+------------------------------+------------------------------+---------------------+---------------------+--------------------------------------+--------------------------------------+-----------------------------+-----------------------------+----------------------------+----------------------------+-----------------------------+-----------------------------+--------------------+--------------------+-------------------------------------+-------------------------------------+----------------------------+----------------------------+---------------------------+---------------------------+
; libera_produto[0]  ; 2.5 V        ; 0 s                 ; 0 s                 ; 2.32 V                       ; 7.25e-07 V                   ; 2.35 V              ; -0.0111 V           ; 0.113 V                              ; 0.035 V                              ; 7.76e-10 s                  ; 8.04e-10 s                  ; Yes                        ; Yes                        ; 2.32 V                      ; 7.25e-07 V                  ; 2.35 V             ; -0.0111 V          ; 0.113 V                             ; 0.035 V                             ; 7.76e-10 s                 ; 8.04e-10 s                 ; Yes                       ; Yes                       ;
; libera_produto[1]  ; 2.5 V        ; 0 s                 ; 0 s                 ; 2.32 V                       ; 7.25e-07 V                   ; 2.35 V              ; -0.0111 V           ; 0.113 V                              ; 0.035 V                              ; 7.76e-10 s                  ; 8.04e-10 s                  ; Yes                        ; Yes                        ; 2.32 V                      ; 7.25e-07 V                  ; 2.35 V             ; -0.0111 V          ; 0.113 V                             ; 0.035 V                             ; 7.76e-10 s                 ; 8.04e-10 s                 ; Yes                       ; Yes                       ;
; libera_produto[2]  ; 2.5 V        ; 0 s                 ; 0 s                 ; 2.32 V                       ; 7.25e-07 V                   ; 2.35 V              ; -0.0111 V           ; 0.113 V                              ; 0.035 V                              ; 7.76e-10 s                  ; 8.04e-10 s                  ; Yes                        ; Yes                        ; 2.32 V                      ; 7.25e-07 V                  ; 2.35 V             ; -0.0111 V          ; 0.113 V                             ; 0.035 V                             ; 7.76e-10 s                 ; 8.04e-10 s                 ; Yes                       ; Yes                       ;
; libera_produto[3]  ; 2.5 V        ; 0 s                 ; 0 s                 ; 2.32 V                       ; 7.25e-07 V                   ; 2.35 V              ; -0.0111 V           ; 0.113 V                              ; 0.035 V                              ; 7.76e-10 s                  ; 8.04e-10 s                  ; Yes                        ; Yes                        ; 2.32 V                      ; 7.25e-07 V                  ; 2.35 V             ; -0.0111 V          ; 0.113 V                             ; 0.035 V                             ; 7.76e-10 s                 ; 8.04e-10 s                 ; Yes                       ; Yes                       ;
; libera_produto[4]  ; 2.5 V        ; 0 s                 ; 0 s                 ; 2.32 V                       ; 7.25e-07 V                   ; 2.35 V              ; -0.0111 V           ; 0.113 V                              ; 0.035 V                              ; 7.76e-10 s                  ; 8.04e-10 s                  ; Yes                        ; Yes                        ; 2.32 V                      ; 7.25e-07 V                  ; 2.35 V             ; -0.0111 V          ; 0.113 V                             ; 0.035 V                             ; 7.76e-10 s                 ; 8.04e-10 s                 ; Yes                       ; Yes                       ;
; libera_produto[5]  ; 2.5 V        ; 0 s                 ; 0 s                 ; 2.32 V                       ; 7.25e-07 V                   ; 2.35 V              ; -0.0111 V           ; 0.113 V                              ; 0.035 V                              ; 7.76e-10 s                  ; 8.04e-10 s                  ; Yes                        ; Yes                        ; 2.32 V                      ; 7.25e-07 V                  ; 2.35 V             ; -0.0111 V          ; 0.113 V                             ; 0.035 V                             ; 7.76e-10 s                 ; 8.04e-10 s                 ; Yes                       ; Yes                       ;
; libera_produto[6]  ; 2.5 V        ; 0 s                 ; 0 s                 ; 2.32 V                       ; 7.25e-07 V                   ; 2.35 V              ; -0.0111 V           ; 0.113 V                              ; 0.035 V                              ; 7.76e-10 s                  ; 8.04e-10 s                  ; Yes                        ; Yes                        ; 2.32 V                      ; 7.25e-07 V                  ; 2.35 V             ; -0.0111 V          ; 0.113 V                             ; 0.035 V                             ; 7.76e-10 s                 ; 8.04e-10 s                 ; Yes                       ; Yes                       ;
; libera_produto[7]  ; 2.5 V        ; 0 s                 ; 0 s                 ; 2.32 V                       ; 7.25e-07 V                   ; 2.35 V              ; -0.0111 V           ; 0.113 V                              ; 0.035 V                              ; 7.76e-10 s                  ; 8.04e-10 s                  ; Yes                        ; Yes                        ; 2.32 V                      ; 7.25e-07 V                  ; 2.35 V             ; -0.0111 V          ; 0.113 V                             ; 0.035 V                             ; 7.76e-10 s                 ; 8.04e-10 s                 ; Yes                       ; Yes                       ;
; libera_moeda_troco ; 2.5 V        ; 0 s                 ; 0 s                 ; 2.32 V                       ; 1.08e-06 V                   ; 2.36 V              ; -0.0113 V           ; 0.122 V                              ; 0.022 V                              ; 4.5e-10 s                   ; 4.45e-10 s                  ; Yes                        ; Yes                        ; 2.32 V                      ; 1.08e-06 V                  ; 2.36 V             ; -0.0113 V          ; 0.122 V                             ; 0.022 V                             ; 4.5e-10 s                  ; 4.45e-10 s                 ; Yes                       ; Yes                       ;
; monitor_estado[0]  ; 2.5 V        ; 0 s                 ; 0 s                 ; 2.32 V                       ; 1.08e-06 V                   ; 2.36 V              ; -0.0113 V           ; 0.122 V                              ; 0.022 V                              ; 4.5e-10 s                   ; 4.45e-10 s                  ; Yes                        ; Yes                        ; 2.32 V                      ; 1.08e-06 V                  ; 2.36 V             ; -0.0113 V          ; 0.122 V                             ; 0.022 V                             ; 4.5e-10 s                  ; 4.45e-10 s                 ; Yes                       ; Yes                       ;
; monitor_estado[1]  ; 2.5 V        ; 0 s                 ; 0 s                 ; 2.32 V                       ; 1.08e-06 V                   ; 2.36 V              ; -0.0113 V           ; 0.122 V                              ; 0.022 V                              ; 4.5e-10 s                   ; 4.45e-10 s                  ; Yes                        ; Yes                        ; 2.32 V                      ; 1.08e-06 V                  ; 2.36 V             ; -0.0113 V          ; 0.122 V                             ; 0.022 V                             ; 4.5e-10 s                  ; 4.45e-10 s                 ; Yes                       ; Yes                       ;
; monitor_estado[2]  ; 2.5 V        ; 0 s                 ; 0 s                 ; 2.32 V                       ; 1.08e-06 V                   ; 2.36 V              ; -0.0113 V           ; 0.122 V                              ; 0.022 V                              ; 4.5e-10 s                   ; 4.45e-10 s                  ; Yes                        ; Yes                        ; 2.32 V                      ; 1.08e-06 V                  ; 2.36 V             ; -0.0113 V          ; 0.122 V                             ; 0.022 V                             ; 4.5e-10 s                  ; 4.45e-10 s                 ; Yes                       ; Yes                       ;
; monitor_estado[3]  ; 2.5 V        ; 0 s                 ; 0 s                 ; 2.32 V                       ; 7.25e-07 V                   ; 2.35 V              ; -0.0111 V           ; 0.113 V                              ; 0.035 V                              ; 7.76e-10 s                  ; 8.04e-10 s                  ; Yes                        ; Yes                        ; 2.32 V                      ; 7.25e-07 V                  ; 2.35 V             ; -0.0111 V          ; 0.113 V                             ; 0.035 V                             ; 7.76e-10 s                 ; 8.04e-10 s                 ; Yes                       ; Yes                       ;
; monitor_estado[4]  ; 2.5 V        ; 0 s                 ; 0 s                 ; 2.32 V                       ; 1.08e-06 V                   ; 2.36 V              ; -0.0113 V           ; 0.122 V                              ; 0.022 V                              ; 4.5e-10 s                   ; 4.45e-10 s                  ; Yes                        ; Yes                        ; 2.32 V                      ; 1.08e-06 V                  ; 2.36 V             ; -0.0113 V          ; 0.122 V                             ; 0.022 V                             ; 4.5e-10 s                  ; 4.45e-10 s                 ; Yes                       ; Yes                       ;
; monitor_estado[5]  ; 2.5 V        ; 0 s                 ; 0 s                 ; 2.32 V                       ; 1.08e-06 V                   ; 2.36 V              ; -0.0113 V           ; 0.122 V                              ; 0.022 V                              ; 4.5e-10 s                   ; 4.45e-10 s                  ; Yes                        ; Yes                        ; 2.32 V                      ; 1.08e-06 V                  ; 2.36 V             ; -0.0113 V          ; 0.122 V                             ; 0.022 V                             ; 4.5e-10 s                  ; 4.45e-10 s                 ; Yes                       ; Yes                       ;
; monitor_estado[6]  ; 2.5 V        ; 0 s                 ; 0 s                 ; 2.32 V                       ; 1.08e-06 V                   ; 2.36 V              ; -0.0113 V           ; 0.122 V                              ; 0.022 V                              ; 4.5e-10 s                   ; 4.45e-10 s                  ; Yes                        ; Yes                        ; 2.32 V                      ; 1.08e-06 V                  ; 2.36 V             ; -0.0113 V          ; 0.122 V                             ; 0.022 V                             ; 4.5e-10 s                  ; 4.45e-10 s                 ; Yes                       ; Yes                       ;
; monitor_estado[7]  ; 2.5 V        ; 0 s                 ; 0 s                 ; 2.32 V                       ; 1.08e-06 V                   ; 2.36 V              ; -0.0113 V           ; 0.122 V                              ; 0.022 V                              ; 4.5e-10 s                   ; 4.45e-10 s                  ; Yes                        ; Yes                        ; 2.32 V                      ; 1.08e-06 V                  ; 2.36 V             ; -0.0113 V          ; 0.122 V                             ; 0.022 V                             ; 4.5e-10 s                  ; 4.45e-10 s                 ; Yes                       ; Yes                       ;
; monitor_estado[8]  ; 2.5 V        ; 0 s                 ; 0 s                 ; 2.32 V                       ; 7.25e-07 V                   ; 2.35 V              ; -0.0111 V           ; 0.113 V                              ; 0.035 V                              ; 7.76e-10 s                  ; 8.04e-10 s                  ; Yes                        ; Yes                        ; 2.32 V                      ; 7.25e-07 V                  ; 2.35 V             ; -0.0111 V          ; 0.113 V                             ; 0.035 V                             ; 7.76e-10 s                 ; 8.04e-10 s                 ; Yes                       ; Yes                       ;
; monitor_estado[9]  ; 2.5 V        ; 0 s                 ; 0 s                 ; 2.32 V                       ; 1.08e-06 V                   ; 2.33 V              ; -0.00341 V          ; 0.17 V                               ; 0.084 V                              ; 3.33e-09 s                  ; 3.24e-09 s                  ; Yes                        ; Yes                        ; 2.32 V                      ; 1.08e-06 V                  ; 2.33 V             ; -0.00341 V         ; 0.17 V                              ; 0.084 V                             ; 3.33e-09 s                 ; 3.24e-09 s                 ; Yes                       ; Yes                       ;
; monitor_estado[10] ; 2.5 V        ; 0 s                 ; 0 s                 ; 2.32 V                       ; 1.08e-06 V                   ; 2.36 V              ; -0.0113 V           ; 0.122 V                              ; 0.022 V                              ; 4.5e-10 s                   ; 4.45e-10 s                  ; Yes                        ; Yes                        ; 2.32 V                      ; 1.08e-06 V                  ; 2.36 V             ; -0.0113 V          ; 0.122 V                             ; 0.022 V                             ; 4.5e-10 s                  ; 4.45e-10 s                 ; Yes                       ; Yes                       ;
; monitor_estado[11] ; 2.5 V        ; 0 s                 ; 0 s                 ; 2.32 V                       ; 1.08e-06 V                   ; 2.36 V              ; -0.0113 V           ; 0.122 V                              ; 0.022 V                              ; 4.5e-10 s                   ; 4.45e-10 s                  ; Yes                        ; Yes                        ; 2.32 V                      ; 1.08e-06 V                  ; 2.36 V             ; -0.0113 V          ; 0.122 V                             ; 0.022 V                             ; 4.5e-10 s                  ; 4.45e-10 s                 ; Yes                       ; Yes                       ;
; monitor_estado[12] ; 2.5 V        ; 0 s                 ; 0 s                 ; 2.32 V                       ; 7.25e-07 V                   ; 2.35 V              ; -0.0111 V           ; 0.113 V                              ; 0.035 V                              ; 7.76e-10 s                  ; 8.04e-10 s                  ; Yes                        ; Yes                        ; 2.32 V                      ; 7.25e-07 V                  ; 2.35 V             ; -0.0111 V          ; 0.113 V                             ; 0.035 V                             ; 7.76e-10 s                 ; 8.04e-10 s                 ; Yes                       ; Yes                       ;
; monitor_estado[13] ; 2.5 V        ; 0 s                 ; 0 s                 ; 2.32 V                       ; 1.08e-06 V                   ; 2.36 V              ; -0.0113 V           ; 0.122 V                              ; 0.022 V                              ; 4.5e-10 s                   ; 4.45e-10 s                  ; Yes                        ; Yes                        ; 2.32 V                      ; 1.08e-06 V                  ; 2.36 V             ; -0.0113 V          ; 0.122 V                             ; 0.022 V                             ; 4.5e-10 s                  ; 4.45e-10 s                 ; Yes                       ; Yes                       ;
; monitor_estado[14] ; 2.5 V        ; 0 s                 ; 0 s                 ; 2.32 V                       ; 1.08e-06 V                   ; 2.36 V              ; -0.0113 V           ; 0.122 V                              ; 0.022 V                              ; 4.5e-10 s                   ; 4.45e-10 s                  ; Yes                        ; Yes                        ; 2.32 V                      ; 1.08e-06 V                  ; 2.36 V             ; -0.0113 V          ; 0.122 V                             ; 0.022 V                             ; 4.5e-10 s                  ; 4.45e-10 s                 ; Yes                       ; Yes                       ;
; monitor_estado[15] ; 2.5 V        ; 0 s                 ; 0 s                 ; 2.32 V                       ; 1.08e-06 V                   ; 2.36 V              ; -0.0113 V           ; 0.122 V                              ; 0.022 V                              ; 4.5e-10 s                   ; 4.45e-10 s                  ; Yes                        ; Yes                        ; 2.32 V                      ; 1.08e-06 V                  ; 2.36 V             ; -0.0113 V          ; 0.122 V                             ; 0.022 V                             ; 4.5e-10 s                  ; 4.45e-10 s                 ; Yes                       ; Yes                       ;
; monitor_estado[16] ; 2.5 V        ; 0 s                 ; 0 s                 ; 2.32 V                       ; 1.08e-06 V                   ; 2.36 V              ; -0.0113 V           ; 0.122 V                              ; 0.022 V                              ; 4.5e-10 s                   ; 4.45e-10 s                  ; Yes                        ; Yes                        ; 2.32 V                      ; 1.08e-06 V                  ; 2.36 V             ; -0.0113 V          ; 0.122 V                             ; 0.022 V                             ; 4.5e-10 s                  ; 4.45e-10 s                 ; Yes                       ; Yes                       ;
; monitor_estado[17] ; 2.5 V        ; 0 s                 ; 0 s                 ; 2.32 V                       ; 1.08e-06 V                   ; 2.36 V              ; -0.0113 V           ; 0.122 V                              ; 0.022 V                              ; 4.5e-10 s                   ; 4.45e-10 s                  ; Yes                        ; Yes                        ; 2.32 V                      ; 1.08e-06 V                  ; 2.36 V             ; -0.0113 V          ; 0.122 V                             ; 0.022 V                             ; 4.5e-10 s                  ; 4.45e-10 s                 ; Yes                       ; Yes                       ;
; monitor_estado[18] ; 2.5 V        ; 0 s                 ; 0 s                 ; 2.32 V                       ; 1.08e-06 V                   ; 2.36 V              ; -0.0113 V           ; 0.122 V                              ; 0.022 V                              ; 4.5e-10 s                   ; 4.45e-10 s                  ; Yes                        ; Yes                        ; 2.32 V                      ; 1.08e-06 V                  ; 2.36 V             ; -0.0113 V          ; 0.122 V                             ; 0.022 V                             ; 4.5e-10 s                  ; 4.45e-10 s                 ; Yes                       ; Yes                       ;
; monitor_estado[19] ; 2.5 V        ; 0 s                 ; 0 s                 ; 2.32 V                       ; 1.08e-06 V                   ; 2.36 V              ; -0.0113 V           ; 0.122 V                              ; 0.022 V                              ; 4.5e-10 s                   ; 4.45e-10 s                  ; Yes                        ; Yes                        ; 2.32 V                      ; 1.08e-06 V                  ; 2.36 V             ; -0.0113 V          ; 0.122 V                             ; 0.022 V                             ; 4.5e-10 s                  ; 4.45e-10 s                 ; Yes                       ; Yes                       ;
; monitor_estado[20] ; 2.5 V        ; 0 s                 ; 0 s                 ; 2.32 V                       ; 1.08e-06 V                   ; 2.36 V              ; -0.0113 V           ; 0.122 V                              ; 0.022 V                              ; 4.5e-10 s                   ; 4.45e-10 s                  ; Yes                        ; Yes                        ; 2.32 V                      ; 1.08e-06 V                  ; 2.36 V             ; -0.0113 V          ; 0.122 V                             ; 0.022 V                             ; 4.5e-10 s                  ; 4.45e-10 s                 ; Yes                       ; Yes                       ;
; monitor_estado[21] ; 2.5 V        ; 0 s                 ; 0 s                 ; 2.32 V                       ; 7.25e-07 V                   ; 2.35 V              ; -0.0111 V           ; 0.113 V                              ; 0.035 V                              ; 7.76e-10 s                  ; 8.04e-10 s                  ; Yes                        ; Yes                        ; 2.32 V                      ; 7.25e-07 V                  ; 2.35 V             ; -0.0111 V          ; 0.113 V                             ; 0.035 V                             ; 7.76e-10 s                 ; 8.04e-10 s                 ; Yes                       ; Yes                       ;
; monitor_estado[22] ; 2.5 V        ; 0 s                 ; 0 s                 ; 2.32 V                       ; 1.08e-06 V                   ; 2.36 V              ; -0.0113 V           ; 0.122 V                              ; 0.022 V                              ; 4.5e-10 s                   ; 4.45e-10 s                  ; Yes                        ; Yes                        ; 2.32 V                      ; 1.08e-06 V                  ; 2.36 V             ; -0.0113 V          ; 0.122 V                             ; 0.022 V                             ; 4.5e-10 s                  ; 4.45e-10 s                 ; Yes                       ; Yes                       ;
; monitor_estado[23] ; 2.5 V        ; 0 s                 ; 0 s                 ; 2.32 V                       ; 1.08e-06 V                   ; 2.36 V              ; -0.0113 V           ; 0.122 V                              ; 0.022 V                              ; 4.5e-10 s                   ; 4.45e-10 s                  ; Yes                        ; Yes                        ; 2.32 V                      ; 1.08e-06 V                  ; 2.36 V             ; -0.0113 V          ; 0.122 V                             ; 0.022 V                             ; 4.5e-10 s                  ; 4.45e-10 s                 ; Yes                       ; Yes                       ;
; monitor_estado[24] ; 2.5 V        ; 0 s                 ; 0 s                 ; 2.32 V                       ; 7.25e-07 V                   ; 2.36 V              ; -0.00946 V          ; 0.111 V                              ; 0.027 V                              ; 6.46e-10 s                  ; 6.2e-10 s                   ; Yes                        ; Yes                        ; 2.32 V                      ; 7.25e-07 V                  ; 2.36 V             ; -0.00946 V         ; 0.111 V                             ; 0.027 V                             ; 6.46e-10 s                 ; 6.2e-10 s                  ; Yes                       ; Yes                       ;
; monitor_estado[25] ; 2.5 V        ; 0 s                 ; 0 s                 ; 2.32 V                       ; 7.25e-07 V                   ; 2.35 V              ; -0.0111 V           ; 0.113 V                              ; 0.035 V                              ; 7.76e-10 s                  ; 8.04e-10 s                  ; Yes                        ; Yes                        ; 2.32 V                      ; 7.25e-07 V                  ; 2.35 V             ; -0.0111 V          ; 0.113 V                             ; 0.035 V                             ; 7.76e-10 s                 ; 8.04e-10 s                 ; Yes                       ; Yes                       ;
; monitor_estado[26] ; 2.5 V        ; 0 s                 ; 0 s                 ; 2.32 V                       ; 1.08e-06 V                   ; 2.36 V              ; -0.0113 V           ; 0.122 V                              ; 0.022 V                              ; 4.5e-10 s                   ; 4.45e-10 s                  ; Yes                        ; Yes                        ; 2.32 V                      ; 1.08e-06 V                  ; 2.36 V             ; -0.0113 V          ; 0.122 V                             ; 0.022 V                             ; 4.5e-10 s                  ; 4.45e-10 s                 ; Yes                       ; Yes                       ;
; monitor_estado[27] ; 2.5 V        ; 0 s                 ; 0 s                 ; 2.32 V                       ; 7.25e-07 V                   ; 2.33 V              ; -0.00317 V          ; 0.162 V                              ; 0.063 V                              ; 3.54e-09 s                  ; 3.41e-09 s                  ; Yes                        ; Yes                        ; 2.32 V                      ; 7.25e-07 V                  ; 2.33 V             ; -0.00317 V         ; 0.162 V                             ; 0.063 V                             ; 3.54e-09 s                 ; 3.41e-09 s                 ; Yes                       ; Yes                       ;
; monitor_estado[28] ; 2.5 V        ; 0 s                 ; 0 s                 ; 2.32 V                       ; 7.25e-07 V                   ; 2.35 V              ; -0.0111 V           ; 0.113 V                              ; 0.035 V                              ; 7.76e-10 s                  ; 8.04e-10 s                  ; Yes                        ; Yes                        ; 2.32 V                      ; 7.25e-07 V                  ; 2.35 V             ; -0.0111 V          ; 0.113 V                             ; 0.035 V                             ; 7.76e-10 s                 ; 8.04e-10 s                 ; Yes                       ; Yes                       ;
; monitor_estado[29] ; 2.5 V        ; 0 s                 ; 0 s                 ; 2.32 V                       ; 1.08e-06 V                   ; 2.36 V              ; -0.0113 V           ; 0.122 V                              ; 0.022 V                              ; 4.5e-10 s                   ; 4.45e-10 s                  ; Yes                        ; Yes                        ; 2.32 V                      ; 1.08e-06 V                  ; 2.36 V             ; -0.0113 V          ; 0.122 V                             ; 0.022 V                             ; 4.5e-10 s                  ; 4.45e-10 s                 ; Yes                       ; Yes                       ;
; monitor_estado[30] ; 2.5 V        ; 0 s                 ; 0 s                 ; 2.32 V                       ; 1.08e-06 V                   ; 2.36 V              ; -0.0113 V           ; 0.122 V                              ; 0.022 V                              ; 4.5e-10 s                   ; 4.45e-10 s                  ; Yes                        ; Yes                        ; 2.32 V                      ; 1.08e-06 V                  ; 2.36 V             ; -0.0113 V          ; 0.122 V                             ; 0.022 V                             ; 4.5e-10 s                  ; 4.45e-10 s                 ; Yes                       ; Yes                       ;
; monitor_estado[31] ; 2.5 V        ; 0 s                 ; 0 s                 ; 2.32 V                       ; 7.25e-07 V                   ; 2.35 V              ; -0.0111 V           ; 0.113 V                              ; 0.035 V                              ; 7.76e-10 s                  ; 8.04e-10 s                  ; Yes                        ; Yes                        ; 2.32 V                      ; 7.25e-07 V                  ; 2.35 V             ; -0.0111 V          ; 0.113 V                             ; 0.035 V                             ; 7.76e-10 s                 ; 8.04e-10 s                 ; Yes                       ; Yes                       ;
; monitor_total[0]   ; 2.5 V        ; 0 s                 ; 0 s                 ; 2.32 V                       ; 1.08e-06 V                   ; 2.36 V              ; -0.0113 V           ; 0.122 V                              ; 0.022 V                              ; 4.5e-10 s                   ; 4.45e-10 s                  ; Yes                        ; Yes                        ; 2.32 V                      ; 1.08e-06 V                  ; 2.36 V             ; -0.0113 V          ; 0.122 V                             ; 0.022 V                             ; 4.5e-10 s                  ; 4.45e-10 s                 ; Yes                       ; Yes                       ;
; monitor_total[1]   ; 2.5 V        ; 0 s                 ; 0 s                 ; 2.32 V                       ; 1.08e-06 V                   ; 2.36 V              ; -0.0113 V           ; 0.122 V                              ; 0.022 V                              ; 4.5e-10 s                   ; 4.45e-10 s                  ; Yes                        ; Yes                        ; 2.32 V                      ; 1.08e-06 V                  ; 2.36 V             ; -0.0113 V          ; 0.122 V                             ; 0.022 V                             ; 4.5e-10 s                  ; 4.45e-10 s                 ; Yes                       ; Yes                       ;
; monitor_total[2]   ; 2.5 V        ; 0 s                 ; 0 s                 ; 2.32 V                       ; 1.08e-06 V                   ; 2.36 V              ; -0.0113 V           ; 0.122 V                              ; 0.022 V                              ; 4.5e-10 s                   ; 4.45e-10 s                  ; Yes                        ; Yes                        ; 2.32 V                      ; 1.08e-06 V                  ; 2.36 V             ; -0.0113 V          ; 0.122 V                             ; 0.022 V                             ; 4.5e-10 s                  ; 4.45e-10 s                 ; Yes                       ; Yes                       ;
; monitor_total[3]   ; 2.5 V        ; 0 s                 ; 0 s                 ; 2.32 V                       ; 1.08e-06 V                   ; 2.36 V              ; -0.0113 V           ; 0.122 V                              ; 0.022 V                              ; 4.5e-10 s                   ; 4.45e-10 s                  ; Yes                        ; Yes                        ; 2.32 V                      ; 1.08e-06 V                  ; 2.36 V             ; -0.0113 V          ; 0.122 V                             ; 0.022 V                             ; 4.5e-10 s                  ; 4.45e-10 s                 ; Yes                       ; Yes                       ;
; monitor_total[4]   ; 2.5 V        ; 0 s                 ; 0 s                 ; 2.32 V                       ; 1.08e-06 V                   ; 2.36 V              ; -0.0113 V           ; 0.122 V                              ; 0.022 V                              ; 4.5e-10 s                   ; 4.45e-10 s                  ; Yes                        ; Yes                        ; 2.32 V                      ; 1.08e-06 V                  ; 2.36 V             ; -0.0113 V          ; 0.122 V                             ; 0.022 V                             ; 4.5e-10 s                  ; 4.45e-10 s                 ; Yes                       ; Yes                       ;
; monitor_total[5]   ; 2.5 V        ; 0 s                 ; 0 s                 ; 2.32 V                       ; 1.08e-06 V                   ; 2.33 V              ; -0.00341 V          ; 0.17 V                               ; 0.084 V                              ; 3.33e-09 s                  ; 3.24e-09 s                  ; Yes                        ; Yes                        ; 2.32 V                      ; 1.08e-06 V                  ; 2.33 V             ; -0.00341 V         ; 0.17 V                              ; 0.084 V                             ; 3.33e-09 s                 ; 3.24e-09 s                 ; Yes                       ; Yes                       ;
; monitor_total[6]   ; 2.5 V        ; 0 s                 ; 0 s                 ; 2.32 V                       ; 1.08e-06 V                   ; 2.36 V              ; -0.0113 V           ; 0.122 V                              ; 0.022 V                              ; 4.5e-10 s                   ; 4.45e-10 s                  ; Yes                        ; Yes                        ; 2.32 V                      ; 1.08e-06 V                  ; 2.36 V             ; -0.0113 V          ; 0.122 V                             ; 0.022 V                             ; 4.5e-10 s                  ; 4.45e-10 s                 ; Yes                       ; Yes                       ;
; monitor_total[7]   ; 2.5 V        ; 0 s                 ; 0 s                 ; 2.32 V                       ; 1.08e-06 V                   ; 2.36 V              ; -0.0113 V           ; 0.122 V                              ; 0.022 V                              ; 4.5e-10 s                   ; 4.45e-10 s                  ; Yes                        ; Yes                        ; 2.32 V                      ; 1.08e-06 V                  ; 2.36 V             ; -0.0113 V          ; 0.122 V                             ; 0.022 V                             ; 4.5e-10 s                  ; 4.45e-10 s                 ; Yes                       ; Yes                       ;
; monitor_total[8]   ; 2.5 V        ; 0 s                 ; 0 s                 ; 2.32 V                       ; 1.08e-06 V                   ; 2.36 V              ; -0.0113 V           ; 0.122 V                              ; 0.022 V                              ; 4.5e-10 s                   ; 4.45e-10 s                  ; Yes                        ; Yes                        ; 2.32 V                      ; 1.08e-06 V                  ; 2.36 V             ; -0.0113 V          ; 0.122 V                             ; 0.022 V                             ; 4.5e-10 s                  ; 4.45e-10 s                 ; Yes                       ; Yes                       ;
; monitor_total[9]   ; 2.5 V        ; 0 s                 ; 0 s                 ; 2.32 V                       ; 7.25e-07 V                   ; 2.35 V              ; -0.0111 V           ; 0.113 V                              ; 0.035 V                              ; 7.76e-10 s                  ; 8.04e-10 s                  ; Yes                        ; Yes                        ; 2.32 V                      ; 7.25e-07 V                  ; 2.35 V             ; -0.0111 V          ; 0.113 V                             ; 0.035 V                             ; 7.76e-10 s                 ; 8.04e-10 s                 ; Yes                       ; Yes                       ;
; monitor_total[10]  ; 2.5 V        ; 0 s                 ; 0 s                 ; 2.32 V                       ; 7.25e-07 V                   ; 2.35 V              ; -0.0111 V           ; 0.113 V                              ; 0.035 V                              ; 7.76e-10 s                  ; 8.04e-10 s                  ; Yes                        ; Yes                        ; 2.32 V                      ; 7.25e-07 V                  ; 2.35 V             ; -0.0111 V          ; 0.113 V                             ; 0.035 V                             ; 7.76e-10 s                 ; 8.04e-10 s                 ; Yes                       ; Yes                       ;
; monitor_total[11]  ; 2.5 V        ; 0 s                 ; 0 s                 ; 2.32 V                       ; 7.25e-07 V                   ; 2.36 V              ; -0.00946 V          ; 0.111 V                              ; 0.027 V                              ; 6.46e-10 s                  ; 6.2e-10 s                   ; Yes                        ; Yes                        ; 2.32 V                      ; 7.25e-07 V                  ; 2.36 V             ; -0.00946 V         ; 0.111 V                             ; 0.027 V                             ; 6.46e-10 s                 ; 6.2e-10 s                  ; Yes                       ; Yes                       ;
; monitor_total[12]  ; 2.5 V        ; 0 s                 ; 0 s                 ; 2.32 V                       ; 1.08e-06 V                   ; 2.36 V              ; -0.0113 V           ; 0.122 V                              ; 0.022 V                              ; 4.5e-10 s                   ; 4.45e-10 s                  ; Yes                        ; Yes                        ; 2.32 V                      ; 1.08e-06 V                  ; 2.36 V             ; -0.0113 V          ; 0.122 V                             ; 0.022 V                             ; 4.5e-10 s                  ; 4.45e-10 s                 ; Yes                       ; Yes                       ;
; monitor_total[13]  ; 2.5 V        ; 0 s                 ; 0 s                 ; 2.32 V                       ; 1.08e-06 V                   ; 2.36 V              ; -0.0113 V           ; 0.122 V                              ; 0.022 V                              ; 4.5e-10 s                   ; 4.45e-10 s                  ; Yes                        ; Yes                        ; 2.32 V                      ; 1.08e-06 V                  ; 2.36 V             ; -0.0113 V          ; 0.122 V                             ; 0.022 V                             ; 4.5e-10 s                  ; 4.45e-10 s                 ; Yes                       ; Yes                       ;
; monitor_total[14]  ; 2.5 V        ; 0 s                 ; 0 s                 ; 2.32 V                       ; 1.08e-06 V                   ; 2.36 V              ; -0.0113 V           ; 0.122 V                              ; 0.022 V                              ; 4.5e-10 s                   ; 4.45e-10 s                  ; Yes                        ; Yes                        ; 2.32 V                      ; 1.08e-06 V                  ; 2.36 V             ; -0.0113 V          ; 0.122 V                             ; 0.022 V                             ; 4.5e-10 s                  ; 4.45e-10 s                 ; Yes                       ; Yes                       ;
; monitor_total[15]  ; 2.5 V        ; 0 s                 ; 0 s                 ; 2.32 V                       ; 7.25e-07 V                   ; 2.35 V              ; -0.0111 V           ; 0.113 V                              ; 0.035 V                              ; 7.76e-10 s                  ; 8.04e-10 s                  ; Yes                        ; Yes                        ; 2.32 V                      ; 7.25e-07 V                  ; 2.35 V             ; -0.0111 V          ; 0.113 V                             ; 0.035 V                             ; 7.76e-10 s                 ; 8.04e-10 s                 ; Yes                       ; Yes                       ;
; monitor_total[16]  ; 2.5 V        ; 0 s                 ; 0 s                 ; 2.32 V                       ; 1.08e-06 V                   ; 2.36 V              ; -0.0113 V           ; 0.122 V                              ; 0.022 V                              ; 4.5e-10 s                   ; 4.45e-10 s                  ; Yes                        ; Yes                        ; 2.32 V                      ; 1.08e-06 V                  ; 2.36 V             ; -0.0113 V          ; 0.122 V                             ; 0.022 V                             ; 4.5e-10 s                  ; 4.45e-10 s                 ; Yes                       ; Yes                       ;
; monitor_total[17]  ; 2.5 V        ; 0 s                 ; 0 s                 ; 2.32 V                       ; 1.08e-06 V                   ; 2.36 V              ; -0.0113 V           ; 0.122 V                              ; 0.022 V                              ; 4.5e-10 s                   ; 4.45e-10 s                  ; Yes                        ; Yes                        ; 2.32 V                      ; 1.08e-06 V                  ; 2.36 V             ; -0.0113 V          ; 0.122 V                             ; 0.022 V                             ; 4.5e-10 s                  ; 4.45e-10 s                 ; Yes                       ; Yes                       ;
; monitor_total[18]  ; 2.5 V        ; 0 s                 ; 0 s                 ; 2.32 V                       ; 7.25e-07 V                   ; 2.33 V              ; -0.00317 V          ; 0.162 V                              ; 0.063 V                              ; 3.54e-09 s                  ; 3.41e-09 s                  ; Yes                        ; Yes                        ; 2.32 V                      ; 7.25e-07 V                  ; 2.33 V             ; -0.00317 V         ; 0.162 V                             ; 0.063 V                             ; 3.54e-09 s                 ; 3.41e-09 s                 ; Yes                       ; Yes                       ;
; monitor_total[19]  ; 2.5 V        ; 0 s                 ; 0 s                 ; 2.32 V                       ; 1.08e-06 V                   ; 2.36 V              ; -0.0113 V           ; 0.122 V                              ; 0.022 V                              ; 4.5e-10 s                   ; 4.45e-10 s                  ; Yes                        ; Yes                        ; 2.32 V                      ; 1.08e-06 V                  ; 2.36 V             ; -0.0113 V          ; 0.122 V                             ; 0.022 V                             ; 4.5e-10 s                  ; 4.45e-10 s                 ; Yes                       ; Yes                       ;
; monitor_total[20]  ; 2.5 V        ; 0 s                 ; 0 s                 ; 2.32 V                       ; 1.08e-06 V                   ; 2.36 V              ; -0.0113 V           ; 0.122 V                              ; 0.022 V                              ; 4.5e-10 s                   ; 4.45e-10 s                  ; Yes                        ; Yes                        ; 2.32 V                      ; 1.08e-06 V                  ; 2.36 V             ; -0.0113 V          ; 0.122 V                             ; 0.022 V                             ; 4.5e-10 s                  ; 4.45e-10 s                 ; Yes                       ; Yes                       ;
; monitor_total[21]  ; 2.5 V        ; 0 s                 ; 0 s                 ; 2.32 V                       ; 1.08e-06 V                   ; 2.36 V              ; -0.0113 V           ; 0.122 V                              ; 0.022 V                              ; 4.5e-10 s                   ; 4.45e-10 s                  ; Yes                        ; Yes                        ; 2.32 V                      ; 1.08e-06 V                  ; 2.36 V             ; -0.0113 V          ; 0.122 V                             ; 0.022 V                             ; 4.5e-10 s                  ; 4.45e-10 s                 ; Yes                       ; Yes                       ;
; monitor_total[22]  ; 2.5 V        ; 0 s                 ; 0 s                 ; 2.32 V                       ; 1.08e-06 V                   ; 2.36 V              ; -0.0113 V           ; 0.122 V                              ; 0.022 V                              ; 4.5e-10 s                   ; 4.45e-10 s                  ; Yes                        ; Yes                        ; 2.32 V                      ; 1.08e-06 V                  ; 2.36 V             ; -0.0113 V          ; 0.122 V                             ; 0.022 V                             ; 4.5e-10 s                  ; 4.45e-10 s                 ; Yes                       ; Yes                       ;
; monitor_total[23]  ; 2.5 V        ; 0 s                 ; 0 s                 ; 2.32 V                       ; 1.08e-06 V                   ; 2.36 V              ; -0.0113 V           ; 0.122 V                              ; 0.022 V                              ; 4.5e-10 s                   ; 4.45e-10 s                  ; Yes                        ; Yes                        ; 2.32 V                      ; 1.08e-06 V                  ; 2.36 V             ; -0.0113 V          ; 0.122 V                             ; 0.022 V                             ; 4.5e-10 s                  ; 4.45e-10 s                 ; Yes                       ; Yes                       ;
; monitor_total[24]  ; 2.5 V        ; 0 s                 ; 0 s                 ; 2.32 V                       ; 7.25e-07 V                   ; 2.35 V              ; -0.0111 V           ; 0.113 V                              ; 0.035 V                              ; 7.76e-10 s                  ; 8.04e-10 s                  ; Yes                        ; Yes                        ; 2.32 V                      ; 7.25e-07 V                  ; 2.35 V             ; -0.0111 V          ; 0.113 V                             ; 0.035 V                             ; 7.76e-10 s                 ; 8.04e-10 s                 ; Yes                       ; Yes                       ;
; monitor_total[25]  ; 2.5 V        ; 0 s                 ; 0 s                 ; 2.32 V                       ; 1.08e-06 V                   ; 2.36 V              ; -0.0113 V           ; 0.122 V                              ; 0.022 V                              ; 4.5e-10 s                   ; 4.45e-10 s                  ; Yes                        ; Yes                        ; 2.32 V                      ; 1.08e-06 V                  ; 2.36 V             ; -0.0113 V          ; 0.122 V                             ; 0.022 V                             ; 4.5e-10 s                  ; 4.45e-10 s                 ; Yes                       ; Yes                       ;
; monitor_total[26]  ; 2.5 V        ; 0 s                 ; 0 s                 ; 2.32 V                       ; 7.25e-07 V                   ; 2.35 V              ; -0.0111 V           ; 0.113 V                              ; 0.035 V                              ; 7.76e-10 s                  ; 8.04e-10 s                  ; Yes                        ; Yes                        ; 2.32 V                      ; 7.25e-07 V                  ; 2.35 V             ; -0.0111 V          ; 0.113 V                             ; 0.035 V                             ; 7.76e-10 s                 ; 8.04e-10 s                 ; Yes                       ; Yes                       ;
; monitor_total[27]  ; 2.5 V        ; 0 s                 ; 0 s                 ; 2.32 V                       ; 7.25e-07 V                   ; 2.35 V              ; -0.0111 V           ; 0.113 V                              ; 0.035 V                              ; 7.76e-10 s                  ; 8.04e-10 s                  ; Yes                        ; Yes                        ; 2.32 V                      ; 7.25e-07 V                  ; 2.35 V             ; -0.0111 V          ; 0.113 V                             ; 0.035 V                             ; 7.76e-10 s                 ; 8.04e-10 s                 ; Yes                       ; Yes                       ;
; monitor_total[28]  ; 2.5 V        ; 0 s                 ; 0 s                 ; 2.32 V                       ; 1.08e-06 V                   ; 2.36 V              ; -0.0113 V           ; 0.122 V                              ; 0.022 V                              ; 4.5e-10 s                   ; 4.45e-10 s                  ; Yes                        ; Yes                        ; 2.32 V                      ; 1.08e-06 V                  ; 2.36 V             ; -0.0113 V          ; 0.122 V                             ; 0.022 V                             ; 4.5e-10 s                  ; 4.45e-10 s                 ; Yes                       ; Yes                       ;
; monitor_total[29]  ; 2.5 V        ; 0 s                 ; 0 s                 ; 2.32 V                       ; 7.25e-07 V                   ; 2.36 V              ; -0.00946 V          ; 0.111 V                              ; 0.027 V                              ; 6.46e-10 s                  ; 6.2e-10 s                   ; Yes                        ; Yes                        ; 2.32 V                      ; 7.25e-07 V                  ; 2.36 V             ; -0.00946 V         ; 0.111 V                             ; 0.027 V                             ; 6.46e-10 s                 ; 6.2e-10 s                  ; Yes                       ; Yes                       ;
; monitor_total[30]  ; 2.5 V        ; 0 s                 ; 0 s                 ; 2.32 V                       ; 7.25e-07 V                   ; 2.35 V              ; -0.0111 V           ; 0.113 V                              ; 0.035 V                              ; 7.76e-10 s                  ; 8.04e-10 s                  ; Yes                        ; Yes                        ; 2.32 V                      ; 7.25e-07 V                  ; 2.35 V             ; -0.0111 V          ; 0.113 V                             ; 0.035 V                             ; 7.76e-10 s                 ; 8.04e-10 s                 ; Yes                       ; Yes                       ;
; monitor_total[31]  ; 2.5 V        ; 0 s                 ; 0 s                 ; 2.32 V                       ; 1.08e-06 V                   ; 2.36 V              ; -0.0113 V           ; 0.122 V                              ; 0.022 V                              ; 4.5e-10 s                   ; 4.45e-10 s                  ; Yes                        ; Yes                        ; 2.32 V                      ; 1.08e-06 V                  ; 2.36 V             ; -0.0113 V          ; 0.122 V                             ; 0.022 V                             ; 4.5e-10 s                  ; 4.45e-10 s                 ; Yes                       ; Yes                       ;
; ~ALTERA_DCLK~      ; 2.5 V        ; 0 s                 ; 0 s                 ; 2.32 V                       ; 5.68e-07 V                   ; 2.35 V              ; -0.0132 V           ; 0.2 V                                ; 0.027 V                              ; 5.26e-10 s                  ; 4.81e-10 s                  ; Yes                        ; Yes                        ; 2.32 V                      ; 5.68e-07 V                  ; 2.35 V             ; -0.0132 V          ; 0.2 V                               ; 0.027 V                             ; 5.26e-10 s                 ; 4.81e-10 s                 ; Yes                       ; Yes                       ;
; ~ALTERA_nCEO~      ; 2.5 V        ; 0 s                 ; 0 s                 ; 2.32 V                       ; 9.36e-07 V                   ; 2.35 V              ; -0.00444 V          ; 0.18 V                               ; 0.019 V                              ; 7.23e-10 s                  ; 9.82e-10 s                  ; Yes                        ; Yes                        ; 2.32 V                      ; 9.36e-07 V                  ; 2.35 V             ; -0.00444 V         ; 0.18 V                              ; 0.019 V                             ; 7.23e-10 s                 ; 9.82e-10 s                 ; Yes                       ; Yes                       ;
+--------------------+--------------+---------------------+---------------------+------------------------------+------------------------------+---------------------+---------------------+--------------------------------------+--------------------------------------+-----------------------------+-----------------------------+----------------------------+----------------------------+-----------------------------+-----------------------------+--------------------+--------------------+-------------------------------------+-------------------------------------+----------------------------+----------------------------+---------------------------+---------------------------+


+-------------------------------------------------------------------------------------------------------------------------------------------------------------------------------------------------------------------------------------------------------------------------------------------------------------------------------------------------------------------------------------------------------------------------------------------------------------------------------------------------------------------------------------------------------------------------------------------------------------------------------------------------------------------------------------------------+
; Fast Corner Signal Integrity Metrics                                                                                                                                                                                                                                                                                                                                                                                                                                                                                                                                                                                                                                                            ;
+--------------------+--------------+---------------------+---------------------+------------------------------+------------------------------+---------------------+---------------------+--------------------------------------+--------------------------------------+-----------------------------+-----------------------------+----------------------------+----------------------------+-----------------------------+-----------------------------+--------------------+--------------------+-------------------------------------+-------------------------------------+----------------------------+----------------------------+---------------------------+---------------------------+
; Pin                ; I/O Standard ; Board Delay on Rise ; Board Delay on Fall ; Steady State Voh at FPGA Pin ; Steady State Vol at FPGA Pin ; Voh Max at FPGA Pin ; Vol Min at FPGA Pin ; Ringback Voltage on Rise at FPGA Pin ; Ringback Voltage on Fall at FPGA Pin ; 10-90 Rise Time at FPGA Pin ; 90-10 Fall Time at FPGA Pin ; Monotonic Rise at FPGA Pin ; Monotonic Fall at FPGA Pin ; Steady State Voh at Far-end ; Steady State Vol at Far-end ; Voh Max at Far-end ; Vol Min at Far-end ; Ringback Voltage on Rise at Far-end ; Ringback Voltage on Fall at Far-end ; 10-90 Rise Time at Far-end ; 90-10 Fall Time at Far-end ; Monotonic Rise at Far-end ; Monotonic Fall at Far-end ;
+--------------------+--------------+---------------------+---------------------+------------------------------+------------------------------+---------------------+---------------------+--------------------------------------+--------------------------------------+-----------------------------+-----------------------------+----------------------------+----------------------------+-----------------------------+-----------------------------+--------------------+--------------------+-------------------------------------+-------------------------------------+----------------------------+----------------------------+---------------------------+---------------------------+
; libera_produto[0]  ; 2.5 V        ; 0 s                 ; 0 s                 ; 2.62 V                       ; 2.78e-08 V                   ; 2.71 V              ; -0.0349 V           ; 0.253 V                              ; 0.069 V                              ; 4.96e-10 s                  ; 5.19e-10 s                  ; No                         ; Yes                        ; 2.62 V                      ; 2.78e-08 V                  ; 2.71 V             ; -0.0349 V          ; 0.253 V                             ; 0.069 V                             ; 4.96e-10 s                 ; 5.19e-10 s                 ; No                        ; Yes                       ;
; libera_produto[1]  ; 2.5 V        ; 0 s                 ; 0 s                 ; 2.62 V                       ; 2.78e-08 V                   ; 2.71 V              ; -0.0349 V           ; 0.253 V                              ; 0.069 V                              ; 4.96e-10 s                  ; 5.19e-10 s                  ; No                         ; Yes                        ; 2.62 V                      ; 2.78e-08 V                  ; 2.71 V             ; -0.0349 V          ; 0.253 V                             ; 0.069 V                             ; 4.96e-10 s                 ; 5.19e-10 s                 ; No                        ; Yes                       ;
; libera_produto[2]  ; 2.5 V        ; 0 s                 ; 0 s                 ; 2.62 V                       ; 2.78e-08 V                   ; 2.71 V              ; -0.0349 V           ; 0.253 V                              ; 0.069 V                              ; 4.96e-10 s                  ; 5.19e-10 s                  ; No                         ; Yes                        ; 2.62 V                      ; 2.78e-08 V                  ; 2.71 V             ; -0.0349 V          ; 0.253 V                             ; 0.069 V                             ; 4.96e-10 s                 ; 5.19e-10 s                 ; No                        ; Yes                       ;
; libera_produto[3]  ; 2.5 V        ; 0 s                 ; 0 s                 ; 2.62 V                       ; 2.78e-08 V                   ; 2.71 V              ; -0.0349 V           ; 0.253 V                              ; 0.069 V                              ; 4.96e-10 s                  ; 5.19e-10 s                  ; No                         ; Yes                        ; 2.62 V                      ; 2.78e-08 V                  ; 2.71 V             ; -0.0349 V          ; 0.253 V                             ; 0.069 V                             ; 4.96e-10 s                 ; 5.19e-10 s                 ; No                        ; Yes                       ;
; libera_produto[4]  ; 2.5 V        ; 0 s                 ; 0 s                 ; 2.62 V                       ; 2.78e-08 V                   ; 2.71 V              ; -0.0349 V           ; 0.253 V                              ; 0.069 V                              ; 4.96e-10 s                  ; 5.19e-10 s                  ; No                         ; Yes                        ; 2.62 V                      ; 2.78e-08 V                  ; 2.71 V             ; -0.0349 V          ; 0.253 V                             ; 0.069 V                             ; 4.96e-10 s                 ; 5.19e-10 s                 ; No                        ; Yes                       ;
; libera_produto[5]  ; 2.5 V        ; 0 s                 ; 0 s                 ; 2.62 V                       ; 2.78e-08 V                   ; 2.71 V              ; -0.0349 V           ; 0.253 V                              ; 0.069 V                              ; 4.96e-10 s                  ; 5.19e-10 s                  ; No                         ; Yes                        ; 2.62 V                      ; 2.78e-08 V                  ; 2.71 V             ; -0.0349 V          ; 0.253 V                             ; 0.069 V                             ; 4.96e-10 s                 ; 5.19e-10 s                 ; No                        ; Yes                       ;
; libera_produto[6]  ; 2.5 V        ; 0 s                 ; 0 s                 ; 2.62 V                       ; 2.78e-08 V                   ; 2.71 V              ; -0.0349 V           ; 0.253 V                              ; 0.069 V                              ; 4.96e-10 s                  ; 5.19e-10 s                  ; No                         ; Yes                        ; 2.62 V                      ; 2.78e-08 V                  ; 2.71 V             ; -0.0349 V          ; 0.253 V                             ; 0.069 V                             ; 4.96e-10 s                 ; 5.19e-10 s                 ; No                        ; Yes                       ;
; libera_produto[7]  ; 2.5 V        ; 0 s                 ; 0 s                 ; 2.62 V                       ; 2.78e-08 V                   ; 2.71 V              ; -0.0349 V           ; 0.253 V                              ; 0.069 V                              ; 4.96e-10 s                  ; 5.19e-10 s                  ; No                         ; Yes                        ; 2.62 V                      ; 2.78e-08 V                  ; 2.71 V             ; -0.0349 V          ; 0.253 V                             ; 0.069 V                             ; 4.96e-10 s                 ; 5.19e-10 s                 ; No                        ; Yes                       ;
; libera_moeda_troco ; 2.5 V        ; 0 s                 ; 0 s                 ; 2.62 V                       ; 4.11e-08 V                   ; 2.73 V              ; -0.0566 V           ; 0.191 V                              ; 0.12 V                               ; 2.69e-10 s                  ; 2.76e-10 s                  ; Yes                        ; Yes                        ; 2.62 V                      ; 4.11e-08 V                  ; 2.73 V             ; -0.0566 V          ; 0.191 V                             ; 0.12 V                              ; 2.69e-10 s                 ; 2.76e-10 s                 ; Yes                       ; Yes                       ;
; monitor_estado[0]  ; 2.5 V        ; 0 s                 ; 0 s                 ; 2.62 V                       ; 4.11e-08 V                   ; 2.73 V              ; -0.0566 V           ; 0.191 V                              ; 0.12 V                               ; 2.69e-10 s                  ; 2.76e-10 s                  ; Yes                        ; Yes                        ; 2.62 V                      ; 4.11e-08 V                  ; 2.73 V             ; -0.0566 V          ; 0.191 V                             ; 0.12 V                              ; 2.69e-10 s                 ; 2.76e-10 s                 ; Yes                       ; Yes                       ;
; monitor_estado[1]  ; 2.5 V        ; 0 s                 ; 0 s                 ; 2.62 V                       ; 4.11e-08 V                   ; 2.73 V              ; -0.0566 V           ; 0.191 V                              ; 0.12 V                               ; 2.69e-10 s                  ; 2.76e-10 s                  ; Yes                        ; Yes                        ; 2.62 V                      ; 4.11e-08 V                  ; 2.73 V             ; -0.0566 V          ; 0.191 V                             ; 0.12 V                              ; 2.69e-10 s                 ; 2.76e-10 s                 ; Yes                       ; Yes                       ;
; monitor_estado[2]  ; 2.5 V        ; 0 s                 ; 0 s                 ; 2.62 V                       ; 4.11e-08 V                   ; 2.73 V              ; -0.0566 V           ; 0.191 V                              ; 0.12 V                               ; 2.69e-10 s                  ; 2.76e-10 s                  ; Yes                        ; Yes                        ; 2.62 V                      ; 4.11e-08 V                  ; 2.73 V             ; -0.0566 V          ; 0.191 V                             ; 0.12 V                              ; 2.69e-10 s                 ; 2.76e-10 s                 ; Yes                       ; Yes                       ;
; monitor_estado[3]  ; 2.5 V        ; 0 s                 ; 0 s                 ; 2.62 V                       ; 2.78e-08 V                   ; 2.71 V              ; -0.0349 V           ; 0.253 V                              ; 0.069 V                              ; 4.96e-10 s                  ; 5.19e-10 s                  ; No                         ; Yes                        ; 2.62 V                      ; 2.78e-08 V                  ; 2.71 V             ; -0.0349 V          ; 0.253 V                             ; 0.069 V                             ; 4.96e-10 s                 ; 5.19e-10 s                 ; No                        ; Yes                       ;
; monitor_estado[4]  ; 2.5 V        ; 0 s                 ; 0 s                 ; 2.62 V                       ; 4.11e-08 V                   ; 2.73 V              ; -0.0566 V           ; 0.191 V                              ; 0.12 V                               ; 2.69e-10 s                  ; 2.76e-10 s                  ; Yes                        ; Yes                        ; 2.62 V                      ; 4.11e-08 V                  ; 2.73 V             ; -0.0566 V          ; 0.191 V                             ; 0.12 V                              ; 2.69e-10 s                 ; 2.76e-10 s                 ; Yes                       ; Yes                       ;
; monitor_estado[5]  ; 2.5 V        ; 0 s                 ; 0 s                 ; 2.62 V                       ; 4.11e-08 V                   ; 2.73 V              ; -0.0566 V           ; 0.191 V                              ; 0.12 V                               ; 2.69e-10 s                  ; 2.76e-10 s                  ; Yes                        ; Yes                        ; 2.62 V                      ; 4.11e-08 V                  ; 2.73 V             ; -0.0566 V          ; 0.191 V                             ; 0.12 V                              ; 2.69e-10 s                 ; 2.76e-10 s                 ; Yes                       ; Yes                       ;
; monitor_estado[6]  ; 2.5 V        ; 0 s                 ; 0 s                 ; 2.62 V                       ; 4.11e-08 V                   ; 2.73 V              ; -0.0566 V           ; 0.191 V                              ; 0.12 V                               ; 2.69e-10 s                  ; 2.76e-10 s                  ; Yes                        ; Yes                        ; 2.62 V                      ; 4.11e-08 V                  ; 2.73 V             ; -0.0566 V          ; 0.191 V                             ; 0.12 V                              ; 2.69e-10 s                 ; 2.76e-10 s                 ; Yes                       ; Yes                       ;
; monitor_estado[7]  ; 2.5 V        ; 0 s                 ; 0 s                 ; 2.62 V                       ; 4.11e-08 V                   ; 2.73 V              ; -0.0566 V           ; 0.191 V                              ; 0.12 V                               ; 2.69e-10 s                  ; 2.76e-10 s                  ; Yes                        ; Yes                        ; 2.62 V                      ; 4.11e-08 V                  ; 2.73 V             ; -0.0566 V          ; 0.191 V                             ; 0.12 V                              ; 2.69e-10 s                 ; 2.76e-10 s                 ; Yes                       ; Yes                       ;
; monitor_estado[8]  ; 2.5 V        ; 0 s                 ; 0 s                 ; 2.62 V                       ; 2.78e-08 V                   ; 2.71 V              ; -0.0349 V           ; 0.253 V                              ; 0.069 V                              ; 4.96e-10 s                  ; 5.19e-10 s                  ; No                         ; Yes                        ; 2.62 V                      ; 2.78e-08 V                  ; 2.71 V             ; -0.0349 V          ; 0.253 V                             ; 0.069 V                             ; 4.96e-10 s                 ; 5.19e-10 s                 ; No                        ; Yes                       ;
; monitor_estado[9]  ; 2.5 V        ; 0 s                 ; 0 s                 ; 2.62 V                       ; 4.11e-08 V                   ; 2.64 V              ; -0.011 V            ; 0.212 V                              ; 0.198 V                              ; 2.38e-09 s                  ; 2.29e-09 s                  ; No                         ; Yes                        ; 2.62 V                      ; 4.11e-08 V                  ; 2.64 V             ; -0.011 V           ; 0.212 V                             ; 0.198 V                             ; 2.38e-09 s                 ; 2.29e-09 s                 ; No                        ; Yes                       ;
; monitor_estado[10] ; 2.5 V        ; 0 s                 ; 0 s                 ; 2.62 V                       ; 4.11e-08 V                   ; 2.73 V              ; -0.0566 V           ; 0.191 V                              ; 0.12 V                               ; 2.69e-10 s                  ; 2.76e-10 s                  ; Yes                        ; Yes                        ; 2.62 V                      ; 4.11e-08 V                  ; 2.73 V             ; -0.0566 V          ; 0.191 V                             ; 0.12 V                              ; 2.69e-10 s                 ; 2.76e-10 s                 ; Yes                       ; Yes                       ;
; monitor_estado[11] ; 2.5 V        ; 0 s                 ; 0 s                 ; 2.62 V                       ; 4.11e-08 V                   ; 2.73 V              ; -0.0566 V           ; 0.191 V                              ; 0.12 V                               ; 2.69e-10 s                  ; 2.76e-10 s                  ; Yes                        ; Yes                        ; 2.62 V                      ; 4.11e-08 V                  ; 2.73 V             ; -0.0566 V          ; 0.191 V                             ; 0.12 V                              ; 2.69e-10 s                 ; 2.76e-10 s                 ; Yes                       ; Yes                       ;
; monitor_estado[12] ; 2.5 V        ; 0 s                 ; 0 s                 ; 2.62 V                       ; 2.78e-08 V                   ; 2.71 V              ; -0.0349 V           ; 0.253 V                              ; 0.069 V                              ; 4.96e-10 s                  ; 5.19e-10 s                  ; No                         ; Yes                        ; 2.62 V                      ; 2.78e-08 V                  ; 2.71 V             ; -0.0349 V          ; 0.253 V                             ; 0.069 V                             ; 4.96e-10 s                 ; 5.19e-10 s                 ; No                        ; Yes                       ;
; monitor_estado[13] ; 2.5 V        ; 0 s                 ; 0 s                 ; 2.62 V                       ; 4.11e-08 V                   ; 2.73 V              ; -0.0566 V           ; 0.191 V                              ; 0.12 V                               ; 2.69e-10 s                  ; 2.76e-10 s                  ; Yes                        ; Yes                        ; 2.62 V                      ; 4.11e-08 V                  ; 2.73 V             ; -0.0566 V          ; 0.191 V                             ; 0.12 V                              ; 2.69e-10 s                 ; 2.76e-10 s                 ; Yes                       ; Yes                       ;
; monitor_estado[14] ; 2.5 V        ; 0 s                 ; 0 s                 ; 2.62 V                       ; 4.11e-08 V                   ; 2.73 V              ; -0.0566 V           ; 0.191 V                              ; 0.12 V                               ; 2.69e-10 s                  ; 2.76e-10 s                  ; Yes                        ; Yes                        ; 2.62 V                      ; 4.11e-08 V                  ; 2.73 V             ; -0.0566 V          ; 0.191 V                             ; 0.12 V                              ; 2.69e-10 s                 ; 2.76e-10 s                 ; Yes                       ; Yes                       ;
; monitor_estado[15] ; 2.5 V        ; 0 s                 ; 0 s                 ; 2.62 V                       ; 4.11e-08 V                   ; 2.73 V              ; -0.0566 V           ; 0.191 V                              ; 0.12 V                               ; 2.69e-10 s                  ; 2.76e-10 s                  ; Yes                        ; Yes                        ; 2.62 V                      ; 4.11e-08 V                  ; 2.73 V             ; -0.0566 V          ; 0.191 V                             ; 0.12 V                              ; 2.69e-10 s                 ; 2.76e-10 s                 ; Yes                       ; Yes                       ;
; monitor_estado[16] ; 2.5 V        ; 0 s                 ; 0 s                 ; 2.62 V                       ; 4.11e-08 V                   ; 2.73 V              ; -0.0566 V           ; 0.191 V                              ; 0.12 V                               ; 2.69e-10 s                  ; 2.76e-10 s                  ; Yes                        ; Yes                        ; 2.62 V                      ; 4.11e-08 V                  ; 2.73 V             ; -0.0566 V          ; 0.191 V                             ; 0.12 V                              ; 2.69e-10 s                 ; 2.76e-10 s                 ; Yes                       ; Yes                       ;
; monitor_estado[17] ; 2.5 V        ; 0 s                 ; 0 s                 ; 2.62 V                       ; 4.11e-08 V                   ; 2.73 V              ; -0.0566 V           ; 0.191 V                              ; 0.12 V                               ; 2.69e-10 s                  ; 2.76e-10 s                  ; Yes                        ; Yes                        ; 2.62 V                      ; 4.11e-08 V                  ; 2.73 V             ; -0.0566 V          ; 0.191 V                             ; 0.12 V                              ; 2.69e-10 s                 ; 2.76e-10 s                 ; Yes                       ; Yes                       ;
; monitor_estado[18] ; 2.5 V        ; 0 s                 ; 0 s                 ; 2.62 V                       ; 4.11e-08 V                   ; 2.73 V              ; -0.0566 V           ; 0.191 V                              ; 0.12 V                               ; 2.69e-10 s                  ; 2.76e-10 s                  ; Yes                        ; Yes                        ; 2.62 V                      ; 4.11e-08 V                  ; 2.73 V             ; -0.0566 V          ; 0.191 V                             ; 0.12 V                              ; 2.69e-10 s                 ; 2.76e-10 s                 ; Yes                       ; Yes                       ;
; monitor_estado[19] ; 2.5 V        ; 0 s                 ; 0 s                 ; 2.62 V                       ; 4.11e-08 V                   ; 2.73 V              ; -0.0566 V           ; 0.191 V                              ; 0.12 V                               ; 2.69e-10 s                  ; 2.76e-10 s                  ; Yes                        ; Yes                        ; 2.62 V                      ; 4.11e-08 V                  ; 2.73 V             ; -0.0566 V          ; 0.191 V                             ; 0.12 V                              ; 2.69e-10 s                 ; 2.76e-10 s                 ; Yes                       ; Yes                       ;
; monitor_estado[20] ; 2.5 V        ; 0 s                 ; 0 s                 ; 2.62 V                       ; 4.11e-08 V                   ; 2.73 V              ; -0.0566 V           ; 0.191 V                              ; 0.12 V                               ; 2.69e-10 s                  ; 2.76e-10 s                  ; Yes                        ; Yes                        ; 2.62 V                      ; 4.11e-08 V                  ; 2.73 V             ; -0.0566 V          ; 0.191 V                             ; 0.12 V                              ; 2.69e-10 s                 ; 2.76e-10 s                 ; Yes                       ; Yes                       ;
; monitor_estado[21] ; 2.5 V        ; 0 s                 ; 0 s                 ; 2.62 V                       ; 2.78e-08 V                   ; 2.71 V              ; -0.0349 V           ; 0.253 V                              ; 0.069 V                              ; 4.96e-10 s                  ; 5.19e-10 s                  ; No                         ; Yes                        ; 2.62 V                      ; 2.78e-08 V                  ; 2.71 V             ; -0.0349 V          ; 0.253 V                             ; 0.069 V                             ; 4.96e-10 s                 ; 5.19e-10 s                 ; No                        ; Yes                       ;
; monitor_estado[22] ; 2.5 V        ; 0 s                 ; 0 s                 ; 2.62 V                       ; 4.11e-08 V                   ; 2.73 V              ; -0.0566 V           ; 0.191 V                              ; 0.12 V                               ; 2.69e-10 s                  ; 2.76e-10 s                  ; Yes                        ; Yes                        ; 2.62 V                      ; 4.11e-08 V                  ; 2.73 V             ; -0.0566 V          ; 0.191 V                             ; 0.12 V                              ; 2.69e-10 s                 ; 2.76e-10 s                 ; Yes                       ; Yes                       ;
; monitor_estado[23] ; 2.5 V        ; 0 s                 ; 0 s                 ; 2.62 V                       ; 4.11e-08 V                   ; 2.73 V              ; -0.0566 V           ; 0.191 V                              ; 0.12 V                               ; 2.69e-10 s                  ; 2.76e-10 s                  ; Yes                        ; Yes                        ; 2.62 V                      ; 4.11e-08 V                  ; 2.73 V             ; -0.0566 V          ; 0.191 V                             ; 0.12 V                              ; 2.69e-10 s                 ; 2.76e-10 s                 ; Yes                       ; Yes                       ;
; monitor_estado[24] ; 2.5 V        ; 0 s                 ; 0 s                 ; 2.62 V                       ; 2.78e-08 V                   ; 2.72 V              ; -0.0408 V           ; 0.163 V                              ; 0.075 V                              ; 4.51e-10 s                  ; 4.33e-10 s                  ; No                         ; Yes                        ; 2.62 V                      ; 2.78e-08 V                  ; 2.72 V             ; -0.0408 V          ; 0.163 V                             ; 0.075 V                             ; 4.51e-10 s                 ; 4.33e-10 s                 ; No                        ; Yes                       ;
; monitor_estado[25] ; 2.5 V        ; 0 s                 ; 0 s                 ; 2.62 V                       ; 2.78e-08 V                   ; 2.71 V              ; -0.0349 V           ; 0.253 V                              ; 0.069 V                              ; 4.96e-10 s                  ; 5.19e-10 s                  ; No                         ; Yes                        ; 2.62 V                      ; 2.78e-08 V                  ; 2.71 V             ; -0.0349 V          ; 0.253 V                             ; 0.069 V                             ; 4.96e-10 s                 ; 5.19e-10 s                 ; No                        ; Yes                       ;
; monitor_estado[26] ; 2.5 V        ; 0 s                 ; 0 s                 ; 2.62 V                       ; 4.11e-08 V                   ; 2.73 V              ; -0.0566 V           ; 0.191 V                              ; 0.12 V                               ; 2.69e-10 s                  ; 2.76e-10 s                  ; Yes                        ; Yes                        ; 2.62 V                      ; 4.11e-08 V                  ; 2.73 V             ; -0.0566 V          ; 0.191 V                             ; 0.12 V                              ; 2.69e-10 s                 ; 2.76e-10 s                 ; Yes                       ; Yes                       ;
; monitor_estado[27] ; 2.5 V        ; 0 s                 ; 0 s                 ; 2.62 V                       ; 2.78e-08 V                   ; 2.64 V              ; -0.0109 V           ; 0.244 V                              ; 0.16 V                               ; 2.42e-09 s                  ; 2.37e-09 s                  ; No                         ; Yes                        ; 2.62 V                      ; 2.78e-08 V                  ; 2.64 V             ; -0.0109 V          ; 0.244 V                             ; 0.16 V                              ; 2.42e-09 s                 ; 2.37e-09 s                 ; No                        ; Yes                       ;
; monitor_estado[28] ; 2.5 V        ; 0 s                 ; 0 s                 ; 2.62 V                       ; 2.78e-08 V                   ; 2.71 V              ; -0.0349 V           ; 0.253 V                              ; 0.069 V                              ; 4.96e-10 s                  ; 5.19e-10 s                  ; No                         ; Yes                        ; 2.62 V                      ; 2.78e-08 V                  ; 2.71 V             ; -0.0349 V          ; 0.253 V                             ; 0.069 V                             ; 4.96e-10 s                 ; 5.19e-10 s                 ; No                        ; Yes                       ;
; monitor_estado[29] ; 2.5 V        ; 0 s                 ; 0 s                 ; 2.62 V                       ; 4.11e-08 V                   ; 2.73 V              ; -0.0566 V           ; 0.191 V                              ; 0.12 V                               ; 2.69e-10 s                  ; 2.76e-10 s                  ; Yes                        ; Yes                        ; 2.62 V                      ; 4.11e-08 V                  ; 2.73 V             ; -0.0566 V          ; 0.191 V                             ; 0.12 V                              ; 2.69e-10 s                 ; 2.76e-10 s                 ; Yes                       ; Yes                       ;
; monitor_estado[30] ; 2.5 V        ; 0 s                 ; 0 s                 ; 2.62 V                       ; 4.11e-08 V                   ; 2.73 V              ; -0.0566 V           ; 0.191 V                              ; 0.12 V                               ; 2.69e-10 s                  ; 2.76e-10 s                  ; Yes                        ; Yes                        ; 2.62 V                      ; 4.11e-08 V                  ; 2.73 V             ; -0.0566 V          ; 0.191 V                             ; 0.12 V                              ; 2.69e-10 s                 ; 2.76e-10 s                 ; Yes                       ; Yes                       ;
; monitor_estado[31] ; 2.5 V        ; 0 s                 ; 0 s                 ; 2.62 V                       ; 2.78e-08 V                   ; 2.71 V              ; -0.0349 V           ; 0.253 V                              ; 0.069 V                              ; 4.96e-10 s                  ; 5.19e-10 s                  ; No                         ; Yes                        ; 2.62 V                      ; 2.78e-08 V                  ; 2.71 V             ; -0.0349 V          ; 0.253 V                             ; 0.069 V                             ; 4.96e-10 s                 ; 5.19e-10 s                 ; No                        ; Yes                       ;
; monitor_total[0]   ; 2.5 V        ; 0 s                 ; 0 s                 ; 2.62 V                       ; 4.11e-08 V                   ; 2.73 V              ; -0.0566 V           ; 0.191 V                              ; 0.12 V                               ; 2.69e-10 s                  ; 2.76e-10 s                  ; Yes                        ; Yes                        ; 2.62 V                      ; 4.11e-08 V                  ; 2.73 V             ; -0.0566 V          ; 0.191 V                             ; 0.12 V                              ; 2.69e-10 s                 ; 2.76e-10 s                 ; Yes                       ; Yes                       ;
; monitor_total[1]   ; 2.5 V        ; 0 s                 ; 0 s                 ; 2.62 V                       ; 4.11e-08 V                   ; 2.73 V              ; -0.0566 V           ; 0.191 V                              ; 0.12 V                               ; 2.69e-10 s                  ; 2.76e-10 s                  ; Yes                        ; Yes                        ; 2.62 V                      ; 4.11e-08 V                  ; 2.73 V             ; -0.0566 V          ; 0.191 V                             ; 0.12 V                              ; 2.69e-10 s                 ; 2.76e-10 s                 ; Yes                       ; Yes                       ;
; monitor_total[2]   ; 2.5 V        ; 0 s                 ; 0 s                 ; 2.62 V                       ; 4.11e-08 V                   ; 2.73 V              ; -0.0566 V           ; 0.191 V                              ; 0.12 V                               ; 2.69e-10 s                  ; 2.76e-10 s                  ; Yes                        ; Yes                        ; 2.62 V                      ; 4.11e-08 V                  ; 2.73 V             ; -0.0566 V          ; 0.191 V                             ; 0.12 V                              ; 2.69e-10 s                 ; 2.76e-10 s                 ; Yes                       ; Yes                       ;
; monitor_total[3]   ; 2.5 V        ; 0 s                 ; 0 s                 ; 2.62 V                       ; 4.11e-08 V                   ; 2.73 V              ; -0.0566 V           ; 0.191 V                              ; 0.12 V                               ; 2.69e-10 s                  ; 2.76e-10 s                  ; Yes                        ; Yes                        ; 2.62 V                      ; 4.11e-08 V                  ; 2.73 V             ; -0.0566 V          ; 0.191 V                             ; 0.12 V                              ; 2.69e-10 s                 ; 2.76e-10 s                 ; Yes                       ; Yes                       ;
; monitor_total[4]   ; 2.5 V        ; 0 s                 ; 0 s                 ; 2.62 V                       ; 4.11e-08 V                   ; 2.73 V              ; -0.0566 V           ; 0.191 V                              ; 0.12 V                               ; 2.69e-10 s                  ; 2.76e-10 s                  ; Yes                        ; Yes                        ; 2.62 V                      ; 4.11e-08 V                  ; 2.73 V             ; -0.0566 V          ; 0.191 V                             ; 0.12 V                              ; 2.69e-10 s                 ; 2.76e-10 s                 ; Yes                       ; Yes                       ;
; monitor_total[5]   ; 2.5 V        ; 0 s                 ; 0 s                 ; 2.62 V                       ; 4.11e-08 V                   ; 2.64 V              ; -0.011 V            ; 0.212 V                              ; 0.198 V                              ; 2.38e-09 s                  ; 2.29e-09 s                  ; No                         ; Yes                        ; 2.62 V                      ; 4.11e-08 V                  ; 2.64 V             ; -0.011 V           ; 0.212 V                             ; 0.198 V                             ; 2.38e-09 s                 ; 2.29e-09 s                 ; No                        ; Yes                       ;
; monitor_total[6]   ; 2.5 V        ; 0 s                 ; 0 s                 ; 2.62 V                       ; 4.11e-08 V                   ; 2.73 V              ; -0.0566 V           ; 0.191 V                              ; 0.12 V                               ; 2.69e-10 s                  ; 2.76e-10 s                  ; Yes                        ; Yes                        ; 2.62 V                      ; 4.11e-08 V                  ; 2.73 V             ; -0.0566 V          ; 0.191 V                             ; 0.12 V                              ; 2.69e-10 s                 ; 2.76e-10 s                 ; Yes                       ; Yes                       ;
; monitor_total[7]   ; 2.5 V        ; 0 s                 ; 0 s                 ; 2.62 V                       ; 4.11e-08 V                   ; 2.73 V              ; -0.0566 V           ; 0.191 V                              ; 0.12 V                               ; 2.69e-10 s                  ; 2.76e-10 s                  ; Yes                        ; Yes                        ; 2.62 V                      ; 4.11e-08 V                  ; 2.73 V             ; -0.0566 V          ; 0.191 V                             ; 0.12 V                              ; 2.69e-10 s                 ; 2.76e-10 s                 ; Yes                       ; Yes                       ;
; monitor_total[8]   ; 2.5 V        ; 0 s                 ; 0 s                 ; 2.62 V                       ; 4.11e-08 V                   ; 2.73 V              ; -0.0566 V           ; 0.191 V                              ; 0.12 V                               ; 2.69e-10 s                  ; 2.76e-10 s                  ; Yes                        ; Yes                        ; 2.62 V                      ; 4.11e-08 V                  ; 2.73 V             ; -0.0566 V          ; 0.191 V                             ; 0.12 V                              ; 2.69e-10 s                 ; 2.76e-10 s                 ; Yes                       ; Yes                       ;
; monitor_total[9]   ; 2.5 V        ; 0 s                 ; 0 s                 ; 2.62 V                       ; 2.78e-08 V                   ; 2.71 V              ; -0.0349 V           ; 0.253 V                              ; 0.069 V                              ; 4.96e-10 s                  ; 5.19e-10 s                  ; No                         ; Yes                        ; 2.62 V                      ; 2.78e-08 V                  ; 2.71 V             ; -0.0349 V          ; 0.253 V                             ; 0.069 V                             ; 4.96e-10 s                 ; 5.19e-10 s                 ; No                        ; Yes                       ;
; monitor_total[10]  ; 2.5 V        ; 0 s                 ; 0 s                 ; 2.62 V                       ; 2.78e-08 V                   ; 2.71 V              ; -0.0349 V           ; 0.253 V                              ; 0.069 V                              ; 4.96e-10 s                  ; 5.19e-10 s                  ; No                         ; Yes                        ; 2.62 V                      ; 2.78e-08 V                  ; 2.71 V             ; -0.0349 V          ; 0.253 V                             ; 0.069 V                             ; 4.96e-10 s                 ; 5.19e-10 s                 ; No                        ; Yes                       ;
; monitor_total[11]  ; 2.5 V        ; 0 s                 ; 0 s                 ; 2.62 V                       ; 2.78e-08 V                   ; 2.72 V              ; -0.0408 V           ; 0.163 V                              ; 0.075 V                              ; 4.51e-10 s                  ; 4.33e-10 s                  ; No                         ; Yes                        ; 2.62 V                      ; 2.78e-08 V                  ; 2.72 V             ; -0.0408 V          ; 0.163 V                             ; 0.075 V                             ; 4.51e-10 s                 ; 4.33e-10 s                 ; No                        ; Yes                       ;
; monitor_total[12]  ; 2.5 V        ; 0 s                 ; 0 s                 ; 2.62 V                       ; 4.11e-08 V                   ; 2.73 V              ; -0.0566 V           ; 0.191 V                              ; 0.12 V                               ; 2.69e-10 s                  ; 2.76e-10 s                  ; Yes                        ; Yes                        ; 2.62 V                      ; 4.11e-08 V                  ; 2.73 V             ; -0.0566 V          ; 0.191 V                             ; 0.12 V                              ; 2.69e-10 s                 ; 2.76e-10 s                 ; Yes                       ; Yes                       ;
; monitor_total[13]  ; 2.5 V        ; 0 s                 ; 0 s                 ; 2.62 V                       ; 4.11e-08 V                   ; 2.73 V              ; -0.0566 V           ; 0.191 V                              ; 0.12 V                               ; 2.69e-10 s                  ; 2.76e-10 s                  ; Yes                        ; Yes                        ; 2.62 V                      ; 4.11e-08 V                  ; 2.73 V             ; -0.0566 V          ; 0.191 V                             ; 0.12 V                              ; 2.69e-10 s                 ; 2.76e-10 s                 ; Yes                       ; Yes                       ;
; monitor_total[14]  ; 2.5 V        ; 0 s                 ; 0 s                 ; 2.62 V                       ; 4.11e-08 V                   ; 2.73 V              ; -0.0566 V           ; 0.191 V                              ; 0.12 V                               ; 2.69e-10 s                  ; 2.76e-10 s                  ; Yes                        ; Yes                        ; 2.62 V                      ; 4.11e-08 V                  ; 2.73 V             ; -0.0566 V          ; 0.191 V                             ; 0.12 V                              ; 2.69e-10 s                 ; 2.76e-10 s                 ; Yes                       ; Yes                       ;
; monitor_total[15]  ; 2.5 V        ; 0 s                 ; 0 s                 ; 2.62 V                       ; 2.78e-08 V                   ; 2.71 V              ; -0.0349 V           ; 0.253 V                              ; 0.069 V                              ; 4.96e-10 s                  ; 5.19e-10 s                  ; No                         ; Yes                        ; 2.62 V                      ; 2.78e-08 V                  ; 2.71 V             ; -0.0349 V          ; 0.253 V                             ; 0.069 V                             ; 4.96e-10 s                 ; 5.19e-10 s                 ; No                        ; Yes                       ;
; monitor_total[16]  ; 2.5 V        ; 0 s                 ; 0 s                 ; 2.62 V                       ; 4.11e-08 V                   ; 2.73 V              ; -0.0566 V           ; 0.191 V                              ; 0.12 V                               ; 2.69e-10 s                  ; 2.76e-10 s                  ; Yes                        ; Yes                        ; 2.62 V                      ; 4.11e-08 V                  ; 2.73 V             ; -0.0566 V          ; 0.191 V                             ; 0.12 V                              ; 2.69e-10 s                 ; 2.76e-10 s                 ; Yes                       ; Yes                       ;
; monitor_total[17]  ; 2.5 V        ; 0 s                 ; 0 s                 ; 2.62 V                       ; 4.11e-08 V                   ; 2.73 V              ; -0.0566 V           ; 0.191 V                              ; 0.12 V                               ; 2.69e-10 s                  ; 2.76e-10 s                  ; Yes                        ; Yes                        ; 2.62 V                      ; 4.11e-08 V                  ; 2.73 V             ; -0.0566 V          ; 0.191 V                             ; 0.12 V                              ; 2.69e-10 s                 ; 2.76e-10 s                 ; Yes                       ; Yes                       ;
; monitor_total[18]  ; 2.5 V        ; 0 s                 ; 0 s                 ; 2.62 V                       ; 2.78e-08 V                   ; 2.64 V              ; -0.0109 V           ; 0.244 V                              ; 0.16 V                               ; 2.42e-09 s                  ; 2.37e-09 s                  ; No                         ; Yes                        ; 2.62 V                      ; 2.78e-08 V                  ; 2.64 V             ; -0.0109 V          ; 0.244 V                             ; 0.16 V                              ; 2.42e-09 s                 ; 2.37e-09 s                 ; No                        ; Yes                       ;
; monitor_total[19]  ; 2.5 V        ; 0 s                 ; 0 s                 ; 2.62 V                       ; 4.11e-08 V                   ; 2.73 V              ; -0.0566 V           ; 0.191 V                              ; 0.12 V                               ; 2.69e-10 s                  ; 2.76e-10 s                  ; Yes                        ; Yes                        ; 2.62 V                      ; 4.11e-08 V                  ; 2.73 V             ; -0.0566 V          ; 0.191 V                             ; 0.12 V                              ; 2.69e-10 s                 ; 2.76e-10 s                 ; Yes                       ; Yes                       ;
; monitor_total[20]  ; 2.5 V        ; 0 s                 ; 0 s                 ; 2.62 V                       ; 4.11e-08 V                   ; 2.73 V              ; -0.0566 V           ; 0.191 V                              ; 0.12 V                               ; 2.69e-10 s                  ; 2.76e-10 s                  ; Yes                        ; Yes                        ; 2.62 V                      ; 4.11e-08 V                  ; 2.73 V             ; -0.0566 V          ; 0.191 V                             ; 0.12 V                              ; 2.69e-10 s                 ; 2.76e-10 s                 ; Yes                       ; Yes                       ;
; monitor_total[21]  ; 2.5 V        ; 0 s                 ; 0 s                 ; 2.62 V                       ; 4.11e-08 V                   ; 2.73 V              ; -0.0566 V           ; 0.191 V                              ; 0.12 V                               ; 2.69e-10 s                  ; 2.76e-10 s                  ; Yes                        ; Yes                        ; 2.62 V                      ; 4.11e-08 V                  ; 2.73 V             ; -0.0566 V          ; 0.191 V                             ; 0.12 V                              ; 2.69e-10 s                 ; 2.76e-10 s                 ; Yes                       ; Yes                       ;
; monitor_total[22]  ; 2.5 V        ; 0 s                 ; 0 s                 ; 2.62 V                       ; 4.11e-08 V                   ; 2.73 V              ; -0.0566 V           ; 0.191 V                              ; 0.12 V                               ; 2.69e-10 s                  ; 2.76e-10 s                  ; Yes                        ; Yes                        ; 2.62 V                      ; 4.11e-08 V                  ; 2.73 V             ; -0.0566 V          ; 0.191 V                             ; 0.12 V                              ; 2.69e-10 s                 ; 2.76e-10 s                 ; Yes                       ; Yes                       ;
; monitor_total[23]  ; 2.5 V        ; 0 s                 ; 0 s                 ; 2.62 V                       ; 4.11e-08 V                   ; 2.73 V              ; -0.0566 V           ; 0.191 V                              ; 0.12 V                               ; 2.69e-10 s                  ; 2.76e-10 s                  ; Yes                        ; Yes                        ; 2.62 V                      ; 4.11e-08 V                  ; 2.73 V             ; -0.0566 V          ; 0.191 V                             ; 0.12 V                              ; 2.69e-10 s                 ; 2.76e-10 s                 ; Yes                       ; Yes                       ;
; monitor_total[24]  ; 2.5 V        ; 0 s                 ; 0 s                 ; 2.62 V                       ; 2.78e-08 V                   ; 2.71 V              ; -0.0349 V           ; 0.253 V                              ; 0.069 V                              ; 4.96e-10 s                  ; 5.19e-10 s                  ; No                         ; Yes                        ; 2.62 V                      ; 2.78e-08 V                  ; 2.71 V             ; -0.0349 V          ; 0.253 V                             ; 0.069 V                             ; 4.96e-10 s                 ; 5.19e-10 s                 ; No                        ; Yes                       ;
; monitor_total[25]  ; 2.5 V        ; 0 s                 ; 0 s                 ; 2.62 V                       ; 4.11e-08 V                   ; 2.73 V              ; -0.0566 V           ; 0.191 V                              ; 0.12 V                               ; 2.69e-10 s                  ; 2.76e-10 s                  ; Yes                        ; Yes                        ; 2.62 V                      ; 4.11e-08 V                  ; 2.73 V             ; -0.0566 V          ; 0.191 V                             ; 0.12 V                              ; 2.69e-10 s                 ; 2.76e-10 s                 ; Yes                       ; Yes                       ;
; monitor_total[26]  ; 2.5 V        ; 0 s                 ; 0 s                 ; 2.62 V                       ; 2.78e-08 V                   ; 2.71 V              ; -0.0349 V           ; 0.253 V                              ; 0.069 V                              ; 4.96e-10 s                  ; 5.19e-10 s                  ; No                         ; Yes                        ; 2.62 V                      ; 2.78e-08 V                  ; 2.71 V             ; -0.0349 V          ; 0.253 V                             ; 0.069 V                             ; 4.96e-10 s                 ; 5.19e-10 s                 ; No                        ; Yes                       ;
; monitor_total[27]  ; 2.5 V        ; 0 s                 ; 0 s                 ; 2.62 V                       ; 2.78e-08 V                   ; 2.71 V              ; -0.0349 V           ; 0.253 V                              ; 0.069 V                              ; 4.96e-10 s                  ; 5.19e-10 s                  ; No                         ; Yes                        ; 2.62 V                      ; 2.78e-08 V                  ; 2.71 V             ; -0.0349 V          ; 0.253 V                             ; 0.069 V                             ; 4.96e-10 s                 ; 5.19e-10 s                 ; No                        ; Yes                       ;
; monitor_total[28]  ; 2.5 V        ; 0 s                 ; 0 s                 ; 2.62 V                       ; 4.11e-08 V                   ; 2.73 V              ; -0.0566 V           ; 0.191 V                              ; 0.12 V                               ; 2.69e-10 s                  ; 2.76e-10 s                  ; Yes                        ; Yes                        ; 2.62 V                      ; 4.11e-08 V                  ; 2.73 V             ; -0.0566 V          ; 0.191 V                             ; 0.12 V                              ; 2.69e-10 s                 ; 2.76e-10 s                 ; Yes                       ; Yes                       ;
; monitor_total[29]  ; 2.5 V        ; 0 s                 ; 0 s                 ; 2.62 V                       ; 2.78e-08 V                   ; 2.72 V              ; -0.0408 V           ; 0.163 V                              ; 0.075 V                              ; 4.51e-10 s                  ; 4.33e-10 s                  ; No                         ; Yes                        ; 2.62 V                      ; 2.78e-08 V                  ; 2.72 V             ; -0.0408 V          ; 0.163 V                             ; 0.075 V                             ; 4.51e-10 s                 ; 4.33e-10 s                 ; No                        ; Yes                       ;
; monitor_total[30]  ; 2.5 V        ; 0 s                 ; 0 s                 ; 2.62 V                       ; 2.78e-08 V                   ; 2.71 V              ; -0.0349 V           ; 0.253 V                              ; 0.069 V                              ; 4.96e-10 s                  ; 5.19e-10 s                  ; No                         ; Yes                        ; 2.62 V                      ; 2.78e-08 V                  ; 2.71 V             ; -0.0349 V          ; 0.253 V                             ; 0.069 V                             ; 4.96e-10 s                 ; 5.19e-10 s                 ; No                        ; Yes                       ;
; monitor_total[31]  ; 2.5 V        ; 0 s                 ; 0 s                 ; 2.62 V                       ; 4.11e-08 V                   ; 2.73 V              ; -0.0566 V           ; 0.191 V                              ; 0.12 V                               ; 2.69e-10 s                  ; 2.76e-10 s                  ; Yes                        ; Yes                        ; 2.62 V                      ; 4.11e-08 V                  ; 2.73 V             ; -0.0566 V          ; 0.191 V                             ; 0.12 V                              ; 2.69e-10 s                 ; 2.76e-10 s                 ; Yes                       ; Yes                       ;
; ~ALTERA_DCLK~      ; 2.5 V        ; 0 s                 ; 0 s                 ; 2.62 V                       ; 2.22e-08 V                   ; 2.72 V              ; -0.0747 V           ; 0.28 V                               ; 0.169 V                              ; 3.1e-10 s                   ; 3.01e-10 s                  ; No                         ; Yes                        ; 2.62 V                      ; 2.22e-08 V                  ; 2.72 V             ; -0.0747 V          ; 0.28 V                              ; 0.169 V                             ; 3.1e-10 s                  ; 3.01e-10 s                 ; No                        ; Yes                       ;
; ~ALTERA_nCEO~      ; 2.5 V        ; 0 s                 ; 0 s                 ; 2.62 V                       ; 3.53e-08 V                   ; 2.7 V               ; -0.0212 V           ; 0.204 V                              ; 0.049 V                              ; 4.85e-10 s                  ; 6.73e-10 s                  ; No                         ; Yes                        ; 2.62 V                      ; 3.53e-08 V                  ; 2.7 V              ; -0.0212 V          ; 0.204 V                             ; 0.049 V                             ; 4.85e-10 s                 ; 6.73e-10 s                 ; No                        ; Yes                       ;
+--------------------+--------------+---------------------+---------------------+------------------------------+------------------------------+---------------------+---------------------+--------------------------------------+--------------------------------------+-----------------------------+-----------------------------+----------------------------+----------------------------+-----------------------------+-----------------------------+--------------------+--------------------+-------------------------------------+-------------------------------------+----------------------------+----------------------------+---------------------------+---------------------------+


+-------------------------------------------------------------------+
; Setup Transfers                                                   ;
+------------+----------+----------+----------+----------+----------+
; From Clock ; To Clock ; RR Paths ; FR Paths ; RF Paths ; FF Paths ;
+------------+----------+----------+----------+----------+----------+
; clock      ; clock    ; 300      ; 0        ; 0        ; 0        ;
+------------+----------+----------+----------+----------+----------+
Entries labeled "false path" only account for clock-to-clock false paths and not path-based false paths. As a result, actual path counts may be lower than reported.


+-------------------------------------------------------------------+
; Hold Transfers                                                    ;
+------------+----------+----------+----------+----------+----------+
; From Clock ; To Clock ; RR Paths ; FR Paths ; RF Paths ; FF Paths ;
+------------+----------+----------+----------+----------+----------+
; clock      ; clock    ; 300      ; 0        ; 0        ; 0        ;
+------------+----------+----------+----------+----------+----------+
Entries labeled "false path" only account for clock-to-clock false paths and not path-based false paths. As a result, actual path counts may be lower than reported.


---------------
; Report TCCS ;
---------------
No dedicated SERDES Transmitter circuitry present in device or used in design


---------------
; Report RSKM ;
---------------
No non-DPA dedicated SERDES Receiver circuitry present in device or used in design


+------------------------------------------------+
; Unconstrained Paths                            ;
+---------------------------------+-------+------+
; Property                        ; Setup ; Hold ;
+---------------------------------+-------+------+
; Illegal Clocks                  ; 0     ; 0    ;
; Unconstrained Clocks            ; 0     ; 0    ;
; Unconstrained Input Ports       ; 15    ; 15   ;
; Unconstrained Input Port Paths  ; 128   ; 128  ;
; Unconstrained Output Ports      ; 20    ; 20   ;
; Unconstrained Output Port Paths ; 53    ; 53   ;
+---------------------------------+-------+------+


+------------------------------------+
; TimeQuest Timing Analyzer Messages ;
+------------------------------------+
Info: *******************************************************************
Info: Running Quartus II 64-Bit TimeQuest Timing Analyzer
    Info: Version 13.1.0 Build 162 10/23/2013 SJ Web Edition
    Info: Processing started: Mon Jun 08 18:45:43 2026
Info: Command: quartus_sta vending_machine -c vending_machine
Info: qsta_default_script.tcl version: #1
Info (11104): Parallel Compilation has detected 16 hyper-threaded processors. However, the extra hyper-threaded processors will not be used by default. Parallel Compilation will use 10 of the 10 physical processors detected instead.
Info (21077): Core supply voltage is 1.2V
Info (21077): Low junction temperature is 0 degrees C
Info (21077): High junction temperature is 85 degrees C
Critical Warning (332012): Synopsys Design Constraints File file not found: 'vending_machine.sdc'. A Synopsys Design Constraints File is required by the TimeQuest Timing Analyzer to get proper timing constraints. Without it, the Compiler will not properly optimize the design.
Info (332142): No user constrained base clocks found in the design. Calling "derive_clocks -period 1.0"
Info (332105): Deriving Clocks
    Info (332105): create_clock -period 1.000 -name clock clock
Info (332143): No user constrained clock uncertainty found in the design. Calling "derive_clock_uncertainty"
Info (332123): Deriving Clock Uncertainty. Please refer to report_sdc in TimeQuest to see clock uncertainties.
Info: Found TIMEQUEST_REPORT_SCRIPT_INCLUDE_DEFAULT_ANALYSIS = ON
Info: Analyzing Slow 1200mV 85C Model
Critical Warning (332148): Timing requirements not met
    Info (11105): For recommendations on closing timing, run Report Timing Closure Recommendations in the TimeQuest Timing Analyzer.
Info (332146): Worst-case setup slack is -2.255
    Info (332119):     Slack       End Point TNS Clock 
    Info (332119): ========= =================== =====================
    Info (332119):    -2.255             -28.452 clock 
Info (332146): Worst-case hold slack is 0.408
    Info (332119):     Slack       End Point TNS Clock 
    Info (332119): ========= =================== =====================
    Info (332119):     0.408               0.000 clock 
Info (332140): No Recovery paths to report
Info (332140): No Removal paths to report
Info (332146): Worst-case minimum pulse width slack is -3.000
    Info (332119):     Slack       End Point TNS Clock 
    Info (332119): ========= =================== =====================
    Info (332119):    -3.000             -19.000 clock 
Info: Analyzing Slow 1200mV 0C Model
Info (334003): Started post-fitting delay annotation
Info (334004): Delay annotation completed successfully
Info (332123): Deriving Clock Uncertainty. Please refer to report_sdc in TimeQuest to see clock uncertainties.
Critical Warning (332148): Timing requirements not met
    Info (11105): For recommendations on closing timing, run Report Timing Closure Recommendations in the TimeQuest Timing Analyzer.
Info (332146): Worst-case setup slack is -1.883
    Info (332119):     Slack       End Point TNS Clock 
    Info (332119): ========= =================== =====================
    Info (332119):    -1.883             -23.663 clock 
Info (332146): Worst-case hold slack is 0.371
    Info (332119):     Slack       End Point TNS Clock 
    Info (332119): ========= =================== =====================
    Info (332119):     0.371               0.000 clock 
Info (332140): No Recovery paths to report
Info (332140): No Removal paths to report
Info (332146): Worst-case minimum pulse width slack is -3.000
    Info (332119):     Slack       End Point TNS Clock 
    Info (332119): ========= =================== =====================
    Info (332119):    -3.000             -19.000 clock 
Info: Analyzing Fast 1200mV 0C Model
Info (332123): Deriving Clock Uncertainty. Please refer to report_sdc in TimeQuest to see clock uncertainties.
Critical Warning (332148): Timing requirements not met
    Info (11105): For recommendations on closing timing, run Report Timing Closure Recommendations in the TimeQuest Timing Analyzer.
Info (332146): Worst-case setup slack is -0.843
    Info (332119):     Slack       End Point TNS Clock 
    Info (332119): ========= =================== =====================
    Info (332119):    -0.843              -9.068 clock 
Info (332146): Worst-case hold slack is 0.214
    Info (332119):     Slack       End Point TNS Clock 
    Info (332119): ========= =================== =====================
    Info (332119):     0.214               0.000 clock 
Info (332140): No Recovery paths to report
Info (332140): No Removal paths to report
Info (332146): Worst-case minimum pulse width slack is -3.000
    Info (332119):     Slack       End Point TNS Clock 
    Info (332119): ========= =================== =====================
    Info (332119):    -3.000             -20.065 clock 
Info (332102): Design is not fully constrained for setup requirements
Info (332102): Design is not fully constrained for hold requirements
Info: Quartus II 64-Bit TimeQuest Timing Analyzer was successful. 0 errors, 4 warnings
    Info: Peak virtual memory: 4759 megabytes
    Info: Processing ended: Mon Jun 08 18:45:44 2026
    Info: Elapsed time: 00:00:01
    Info: Total CPU time (on all processors): 00:00:00


